Workbook

Sheet Data
A1: Grupo planificación | B1: Clase de orden | C1: Clase actividad PM | D1: Aviso | E1: Orden | F1: Grupo planificación | G1: Texto breve | H1: Pto.tbjo.responsable | I1: Ubicación técnica | J1: Denom.ubic.técnica | K1: Status de sistema | L1: Status de usuario | M1: Fecha inicio extrema | N1: Fecha fin extrema | O1: Autor | P1: Modificado por | Q1: Fecha liber.real | R1: Fecha de creación | S1: Inicio programado | T1: Fecha inicio real | U1: Fecha fin real | V1: Plan mant.preventivo | W1: Posición mantenim. | X1: Costes tot.reales | Y1: Tota general (plan)
A2: C81 | B2: NP | C2: 035 | D2: 29844068 | E2: 110324133 | F2: C81 | G2: INST BIOMETRICO sala 7 | H2: CGSTMRMM | I2: CHSS-SU-CTS-SAL-SLT07 | J2: SALA ELECTRICA Nº7 CALDERAS COMPACTAS | K2: CTEC NOTI DOCU IMOP JBFI KKMP PREC | L2: TRAT | M2: 46108 | N2: 46108 | O2: MJAIM002 | P2: CMEND008 | Q2: 46108 | R2: 46091 | S2: 46108 | T2: 46156 | U2: 46156 | X2: 0.02 | Y2: 0.02
A3: C81 | B3: NP | C3: 035 | D3: 30030375 | E3: 110505267 | F3: C81 | G3: Visor sucio de descanso | H3: CGSTMRMM | I3: CHSS-SU-CTS-A90-COS10-SMO-MOTR | J3: MOTOR ELÉCTRICO | K3: CTEC NOTI DOCU IMOP JBFI KKMP PREC | L3: TBTR | M3: 46150 | N3: 46150 | O3: VTORR010 | P3: CMEND008 | Q3: 46149 | R3: 46149 | S3: 46150 | T3: 46154 | U3: 46154 | X3: 267.18 | Y3: 267.18
A4: C81 | B4: PL | C4: 025 | D4: 29978722 | E4: 110457406 | F4: C81 | G4: (Q) TRAB PREVIOS MTTO 6M COMP 20 | H4: CGSTMRMM | I4: CHSS-SU-CTS-A30-CAP20 | J4: COMPRESOR CENTRIFUGO 20 | K4: LIB. NOTP DOCU IMOP KKMP PREC PROG | L4: TRAT | M4: 46151 | N4: 46152 | O4: VVERG011 | P4: MJAIM002 | Q4: 46135 | R4: 46134 | S4: 46151 | T4: 46151 | X4: 2333.45 | Y4: 2333.52
A5: C81 | B5: NP | C5: 035 | D5: 30017733 | E5: 110493464 | F5: C81 | G5: COMP 29 -CAMBIO DE ENFRIADERA | H5: CGSTMRMM | I5: CHSS-SU-CTS-A30-CAP29-SEN-ENFA | J5: ENFRIADERA DE AGUA | K5: LIB. NOTI DOCU IMOP JBFI KKMP PREC | L5: TRAT | M5: 46151 | N5: 46151 | O5: MJAIM002 | P5: MJAIM002 | Q5: 46151 | R5: 46146 | S5: 46151 | T5: 46151 | U5: 46154 | X5: 0.05 | Y5: 0.05
A6: C81 | B6: PL | C6: 025 | D6: 28514273 | E6: 109037716 | F6: C81 | G6: Cambio de calefactor de aceite Comp N°2 | H6: CGSTMRMM | I6: CHSS-SU-CTS-A90-COS02-SLU-CALF | J6: CALEFACTOR DE ACEITE | K6: LIB. NOTI DOCU IMOP JBFI MACO MOVM PREC* | L6: TBTR | M6: 46153 | N6: 46153 | O6: TRAMI002 | P6: MJAIM002 | Q6: 45680 | R6: 45679 | S6: 46153 | T6: 46153 | U6: 46159 | X6: 6629.25 | Y6: 6629.25
A7: C81 | B7: PL | C7: 025 | D7: 28578506 | E7: 109098394 | F7: C81 | G7: Cambio filtros de admisión C-1 | H7: CGSTMRMM | I7: CHSS-SU-CTS-A90-COS01 | J7: COMPRESOR CENTRIFUGO ELLIOTT 01 | K7: LIB. NOTI DOCU IMOP JBFI MACO MOVM PREC* | L7: TBTR | M7: 46153 | N7: 46153 | O7: TRAMI002 | P7: MJAIM002 | Q7: 45700 | R7: 45700 | S7: 46153 | T7: 46153 | U7: 46159 | X7: 7683.93 | Y7: 8026.39
A8: C82 | B8: PL | C8: 020 | D8: 29850364 | E8: 110330383 | F8: C82 | G8: Insp. 4M S/E Dist. 13.8 kV Refinería | H8: CGSSERME | I8: CDEE-SED | J8: SUBESTACIONES DE DISTRIBUCION | K8: CTEC NOTI DOCU IMOP JBFI KKMP PREC PROG | L8: TBTR | M8: 46153 | N8: 46154 | O8: IP1020260312 | P8: JGALA017 | Q8: 46139 | R8: 46093 | S8: 46153 | T8: 46153 | U8: 46154 | V8: 165531 | W8: 299345 | X8: 1812.8 | Y8: 1812.8
A9: C81 | B9: PL | C9: 010 | D9: 29956150 | E9: 110432882 | F9: C81 | G9: MRT 1S MEC LIMPIEZA MOLINO HARDINGE 1 | H9: CGSTMRMM | I9: CHSS-SU-PHC-MMH-MLH01 | J9: MOLINO HARDINGE Nº1 | K9: CTEC NOTI DOCU IMOP JBFI KKMP PREC PROG | L9: TRAT | M9: 46153 | N9: 46153 | O9: IP1020260414 | P9: CMEND008 | Q9: 46145 | R9: 46126 | S9: 46153 | T9: 46153 | U9: 46153 | V9: 139516 | W9: 251835 | X9: 89.11 | Y9: 89.11
A10: C81 | B10: PL | C10: 010 | D10: 29956160 | E10: 110432892 | F10: C81 | G10: MRT 1S MTTO CORREA 132 | H10: CGSTMRMM | I10: CHSS-SU-PHC-TCH-CT132 | J10: CORREA TRANSPORTADORA Nº132 | K10: CTEC NOTI DOCU IMOP JBFI KKMP PREC PROG | L10: TBTR | M10: 46153 | N10: 46153 | O10: IP1020260414 | P10: CMEND008 | Q10: 46145 | R10: 46126 | S10: 46153 | T10: 46153 | U10: 46153 | V10: 225688 | W10: 419098 | X10: 267.35 | Y10: 267.35
A11: C81 | B11: PL | C11: 010 | D11: 29956164 | E11: 110432896 | F11: C81 | G11: MRT 1S LIMPIEZA FILTRO DE MANGA | H11: CGSTMRMM | I11: CHSS-SU-PHC-SAL-SIL01 | J11: SILO 01 | K11: CTEC NOTI DOCU IMOP JBFI KKMP PREC PROG | L11: TRAT | M11: 46153 | N11: 46153 | O11: IP1020260414 | P11: CMEND008 | Q11: 46145 | R11: 46126 | S11: 46153 | T11: 46153 | U11: 46153 | V11: 225920 | W11: 419420 | X11: 0.06 | Y11: 0.06
A12: C82 | B12: PL | C12: 020 | D12: 29963521 | E12: 110439860 | F12: C82 | G12: INSPECCION SISTEMA SAPCI S/E KM6 | H12: CGSSERME | I12: CHSS-SE-SUP-SK6-SAPCI | J12: SISTEMA SAPCI S/E KM6 | K12: CTEC NOTI DOCU IMOP JBFI KKMP PREC PROG | L12: TBTR | M12: 46153 | N12: 46153 | O12: IP1020260416 | P12: CURQU002 | Q12: 46139 | R12: 46128 | S12: 46153 | T12: 46153 | U12: 46153 | V12: 226513 | W12: 419560 | X12: 82.4 | Y12: 82.4
A13: C82 | B13: PL | C13: 020 | D13: 29963522 | E13: 110439861 | F13: C82 | G13: INSPECCION SISTEMA SAPCI S/E 10 | H13: CGSSERME | I13: CHSS-SE-SUP-SPA-SBE10-SAP | J13: SISTEMA SAPCI S/E 10 | K13: CTEC NOTI DOCU IMOP JBFI KKMP PREC PROG | L13: TBTR | M13: 46153 | N13: 46153 | O13: IP1020260416 | P13: CURQU002 | Q13: 46139 | R13: 46128 | S13: 46153 | T13: 46153 | U13: 46153 | V13: 226514 | W13: 419561 | X13: 82.4 | Y13: 82.4
A14: C81 | B14: PL | C14: 025 | D14: 29999833 | E14: 110475348 | F14: C81 | G14: 3M MTTO BOMBA CIRCULADORA N°2 | H14: CGSTMRMM | I14: CHSS-SU-CTS-ENF-BCPV2 | J14: BOMBA CIRCULADORA 2 VAPOR SOBRANTE | K14: CTEC NOTI DOCU IMOP JBFI KKMP PREC PROG | L14: TBTR | M14: 46153 | N14: 46153 | O14: VVERG011 | P14: CMEND008 | Q14: 46145 | R14: 46140 | S14: 46153 | T14: 46158 | U14: 46158 | X14: 561.07 | Y14: 543.28
A15: C81 | B15: PL | C15: 025 | D15: 29999836 | E15: 110475355 | F15: C81 | G15: COMP 20 -CAMBIO DE ENFRIADERA. | H15: CGSTMRMM | I15: CHSS-SU-CTS-A30-CAP20 | J15: COMPRESOR CENTRIFUGO 20 | K15: LIB. NOTI DOCU IMOP JBFI MACO MOVM PREC* | L15: TRAT | M15: 46153 | N15: 46157 | O15: VVERG011 | P15: LVEGA028 | Q15: 46142 | R15: 46140 | S15: 46153 | T15: 46154 | U15: 46158 | X15: 9017.23 | Y15: 9788.38
A16: C81 | B16: PL | C16: 025 | D16: 30000012 | E16: 110475425 | F16: C81 | G16: 48M MTTO COMPRESOR 08 | H16: CGSTMRMM | I16: CHSS-SU-CTS-A90-COS08 | J16: COMPRESOR CENTRIFUGO ELLIOTT 08 | K16: LIB. NOTP DOCU IMOP KKMP PREC PROG | L16: TRAT | M16: 46153 | N16: 46157 | O16: VVERG011 | P16: MJAIM002 | Q16: 46145 | R16: 46140 | S16: 46153 | T16: 46154 | X16: 0.66 | Y16: 2494.34
A17: C81 | B17: PL | C17: 010 | D17: 30003321 | E17: 110478068 | F17: C81 | G17: MRT 6M MTTO COMPRESOR N°20 | H17: CGSTMRMM | I17: CHSS-SU-CTS-A90-CAP20 | J17: COMPRESOR CENTRIFUGO 20 | K17: LIB. NOTP DOCU IMOP KKMP PREC PROG | L17: TRAT | M17: 46153 | N17: 46157 | O17: IP1020260429 | P17: MREINES | Q17: 46145 | R17: 46141 | S17: 46153 | T17: 46151 | V17: 222731 | W17: 412728 | X17: 4185.97 | Y17: 5878.11
A18: C81 | B18: PL | C18: 025 | D18: 30006694 | E18: 110481437 | F18: C81 | G18: (Q) Limpieza de Linea 10 de CAL | H18: CGSTMRMM | I18: CHSS-SU-PHC-TLC-SPIVV | J18: SISTEMA PIPING Y VALVULAS | K18: LIB. NOTP DOCU IMOP KKMP PREC PROG | L18: TRAT | M18: 46153 | N18: 46155 | O18: VVERG011 | P18: MJAIM002 | Q18: 46145 | R18: 46142 | S18: 46153 | T18: 46153 | X18: 0.22 | Y18: 0.28
A19: C81 | B19: NP | C19: 035 | D19: 30029647 | E19: 110505271 | F19: C81 | G19: Rellenar nivel de aceite carter | H19: CGSTMRMM | I19: CHSS-SU-CTS-A90-COS24-SLU-CART | J19: CARTER DE ACEITE | K19: CTEC NOTI DOCU IMOP JBFI KKMP PREC | L19: TBTR | M19: 46153 | N19: 46153 | O19: VTORR010 | P19: CMEND008 | Q19: 46153 | R19: 46149 | S19: 46153 | T19: 46151 | U19: 46154 | X19: 267.18 | Y19: 267.18
A20: C81 | B20: NP | C20: 035 | D20: 30038014 | E20: 110511155 | F20: C81 | G20: Reparación Línea Acelerador Silo N°2 | H20: CGSTMRMM | I20: CHSS-SU-PHC-SAL-SIL02-STR | J20: SISTEMA DE TRANSPORTE AIRE ACELERADORES | K20: CTEC NOTI DOCU IMOP JBFI KKMP PREC | L20: TRAT | M20: 46153 | N20: 46153 | O20: MJAIM002 | P20: CMEND008 | Q20: 46153 | R20: 46152 | S20: 46153 | T20: 46153 | U20: 46153 | X20: 0.04 | Y20: 0.04
A21: C81 | B21: NP | C21: 035 | D21: 30040812 | E21: 110513930 | F21: C81 | G21: Destapar línea 3" BBA Aurora a C.Prod.MT | H21: CGSTMRMM | I21: CHSS-SU-PHC-MMV-BBAPA | J21: BOMBA POZO AURORA 20 | K21: CTEC NOTI DOCU IMOP JBFI KKMP PREC | L21: TBTR | M21: 46153 | N21: 46153 | O21: MJAIM002 | P21: CMEND008 | Q21: 46154 | R21: 46153 | S21: 46153 | T21: 46153 | U21: 46153 | X21: 89.08 | Y21: 89.08
A22: C81 | B22: NP | C22: 035 | D22: 30038033 | E22: 110515568 | F22: C81 | G22: Posición de válvula ON/OFF | H22: CGSTMRMM | I22: CHSS-SU-CTS-PVS-PVS01 | J22: PLANTA VAPOR SOBRANTE Nº 1 | K22: CTEC NOTI DOCU IMOP JBFI KKMP PREC | L22: TBTR | M22: 46153 | N22: 46153 | O22: JGALL059 | P22: CMEND008 | Q22: 46153 | R22: 46153 | S22: 46153 | T22: 46153 | U22: 46153 | X22: 89.06 | Y22: 89.06
A23: C81 | B23: PL | C23: 025 | D23: 28578642 | E23: 109098395 | F23: C81 | G23: Cambio filtros de admisión C-2 | H23: CGSTMRMM | I23: CHSS-SU-CTS-A90-COS02 | J23: COMPRESOR CENTRIFUGO ELLIOTT 02 | K23: LIB. NOTI DOCU IMOP JBFI MACO MOVM PREC* | L23: TBTR | M23: 46154 | N23: 46154 | O23: TRAMI002 | P23: MJAIM002 | Q23: 45700 | R23: 45700 | S23: 46154 | T23: 46154 | U23: 46159 | X23: 7582.67 | Y23: 7920.56
A24: C81 | B24: PL | C24: 025 | D24: 28653763 | E24: 109171579 | F24: C81 | G24: Cambio de bba enfriadera C-1 CTS | H24: CGSTMRMM | I24: CHSS-SU-CTS-A90-COS01 | J24: COMPRESOR CENTRIFUGO ELLIOTT 01 | K24: LIB. NOTI DOCU IMOP JBFI MACO MOVM PREC* | L24: TBTR | M24: 46154 | N24: 46154 | O24: TRAMI002 | P24: MJAIM002 | Q24: 45722 | R24: 45722 | S24: 46154 | T24: 46154 | U24: 46159 | X24: 3369.76 | Y24: 3369.76
A25: C81 | B25: PL | C25: 025 | D25: 29226605 | E25: 109726769 | F25: C81 | G25: Reemplazo panel de control compresor 20 | H25: CGSTMRMM | I25: CHSS-SU-CTS-A30-CAP20-INS | J25: SISTEMA DE CONTROL Y AUTOMATIZACION | K25: LIB. NOTI DOCU IMOP JBFI MACO MOVM PREC* | L25: TRAT | M25: 46154 | N25: 46155 | O25: TRAMI002 | P25: MREINES | Q25: 45897 | R25: 45897 | S25: 46154 | T25: 46154 | U25: 46156 | X25: 156217.08 | Y25: 156217.08
A26: C81 | B26: PL | C26: 010 | D26: 29956151 | E26: 110432883 | F26: C81 | G26: MRT 1S MEC LIMPIEZA MOLINO HARDINGE 2 | H26: CGSTMRMM | I26: CHSS-SU-PHC-MMH-MLH02 | J26: MOLINO HARDINGE Nº2 | K26: CTEC NOTI DOCU IMOP JBFI KKMP PREC PROG | L26: TRAT | M26: 46154 | N26: 46154 | O26: IP1020260414 | P26: CMEND008 | Q26: 46145 | R26: 46126 | S26: 46154 | T26: 46154 | U26: 46154 | V26: 139517 | W26: 251836 | X26: 89.11 | Y26: 89.11
A27: C81 | B27: PL | C27: 010 | D27: 29956161 | E27: 110432893 | F27: C81 | G27: MRT 1S MTTO CORREA 129 | H27: CGSTMRMM | I27: CHSS-SU-PHC-TCH-CT129 | J27: CORREA TRANSPORTADORA Nº129 | K27: CTEC NOTI DOCU IMOP JBFI KKMP PREC PROG | L27: TRAT | M27: 46154 | N27: 46154 | O27: IP1020260414 | P27: CMEND008 | Q27: 46145 | R27: 46126 | S27: 46154 | T27: 46154 | U27: 46154 | V27: 225688 | W27: 419099 | X27: 267.35 | Y27: 267.35
A28: C82 | B28: PL | C28: 020 | D28: 29963525 | E28: 110439864 | F28: C82 | G28: INSPECCION SISTEMA SAPCI S/E CHUQUICAMAT | H28: CGSSERME | I28: CHSS-SE-SUP-SPA-SUBCH-SAP | J28: SISTEMA SAPCI S/E CHUQUICAMATA | K28: CTEC NOTI DOCU IMOP JBFI KKMP PREC PROG | L28: TBTR | M28: 46154 | N28: 46154 | O28: IP1020260416 | P28: CURQU002 | Q28: 46139 | R28: 46128 | S28: 46154 | T28: 46154 | U28: 46154 | V28: 226517 | W28: 419564 | X28: 82.4 | Y28: 82.4
A29: C82 | B29: PL | C29: 020 | D29: 29963526 | E29: 110439865 | F29: C82 | G29: INSPECCION SISTEMA SAPCI S/E SUB-A | H29: CGSSERME | I29: CHSS-SE-SUP-SPA-SUBEA-SAP | J29: SISTEMA SAPCI S/E SUB-A | K29: CTEC NOTI DOCU IMOP JBFI KKMP PREC PROG | L29: TBTR | M29: 46154 | N29: 46154 | O29: IP1020260416 | P29: CURQU002 | Q29: 46139 | R29: 46128 | S29: 46154 | T29: 46154 | U29: 46154 | V29: 226518 | W29: 419825 | X29: 82.4 | Y29: 82.4
A30: C81 | B30: PL | C30: 010 | D30: 29971630 | E30: 110447996 | F30: C81 | G30: MRT 3S MEC MTTO ANÁLISIS VIBRACIONES PHC | H30: CGSTMRMM | I30: CHSS-SU-PHC-INS | J30: INSTALACIONES INDUSTRIALES PLANTA CAL | K30: LIB. NOTP DOCU IMOP KKMP PREC PROG | L30: TRAT | M30: 46154 | N30: 46155 | O30: IP1020260420 | P30: LVEGA028 | Q30: 46145 | R30: 46132 | S30: 46154 | T30: 46154 | V30: 225365 | W30: 418362 | X30: 0.13 | Y30: 0.19
A31: C81 | B31: PL | C31: 010 | D31: 29971633 | E31: 110447999 | F31: C81 | G31: MRT 4S MTTO MEC CAJON BOMBAS MT | H31: CGSTMRMM | I31: CHSS-SU-PHC-MMV-CJMLN | J31: CAJON CICLON MOLINO TORRE | K31: CTEC NOTI DOCU IMOP JBFI KKMP PREC PROG | L31: TBTR | M31: 46154 | N31: 46154 | O31: IP1020260420 | P31: CMEND008 | Q31: 46145 | R31: 46132 | S31: 46154 | T31: 46154 | U31: 46154 | V31: 225400 | W31: 418490 | X31: 178.27 | Y31: 178.27
A32: C82 | B32: PL | C32: 020 | D32: 29983459 | E32: 110459257 | F32: C82 | G32: Insp. 4M S/E Dist. 13.8 kV Fundición | H32: CGSSERME | I32: CDEE-SED | J32: SUBESTACIONES DE DISTRIBUCION | K32: CTEC NOTI DOCU IMOP JBFI KKMP PREC PROG | L32: TBTR | M32: 46154 | N32: 46155 | O32: IP1020260423 | P32: JGALA017 | Q32: 46139 | R32: 46135 | S32: 46154 | T32: 46154 | U32: 46154 | V32: 165529 | W32: 299283 | X32: 1812.8 | Y32: 1812.8
A33: C81 | B33: PL | C33: 010 | D33: 29993326 | E33: 110468682 | F33: C81 | G33: MRT 4S MEC INSP SOPLADOR N°6 | H33: CGSTMRMM | I33: CHSS-SU-CTS-A20-SOP06 | J33: SOPLADOR INGERSOL RAND Nº 6 | K33: CTEC NOTI DOCU IMOP JBFI KKMP PREC PROG | L33: TBTR | M33: 46154 | N33: 46155 | O33: IP1020260427 | P33: CMEND008 | Q33: 46145 | R33: 46139 | S33: 46154 | T33: 46155 | U33: 46156 | V33: 223637 | W33: 414908 | X33: 2422.57 | Y33: 2422.57
A34: C81 | B34: NP | C34: 035 | D34: 30037701 | E34: 110513921 | F34: C81 | G34: Puerta lado sur Correa Aux. No cierra | H34: CGSTMRMM | I34: CHSS-SU-PHC-TCH-CAUMH | J34: CORREA AUXILIAR MOLINOS HARDINGE | K34: CTEC NOTI DOCU IMOP JBFI KKMP PREC | L34: TRAT | M34: 46154 | N34: 46154 | O34: MJAIM002 | P34: CMEND008 | Q34: 46154 | R34: 46153 | S34: 46154 | T34: 46153 | U34: 46153 | X34: 0.02 | Y34: 0.02
A35: C81 | B35: NP | C35: 035 | D35: 30035711 | E35: 110516455 | F35: C81 | G35: chequeo alinemiento pots PES | H35: CGSTMRMM | I35: CHSS-SU-CTS-ENF-BCPV1 | J35: BOMBA CIRCULADORA 1 VAPOR SOBRANTE | K35: CTEC NOTI DOCU IMOP JBFI KKMP PREC | L35: TBTR | M35: 46154 | N35: 46154 | O35: MCHAV005 | P35: CMEND008 | Q35: 46154 | R35: 46154 | S35: 46154 | T35: 46154 | U35: 46155 | X35: 623.42 | Y35: 623.42
A36: C81 | B36: NP | C36: 035 | D36: 30042812 | E36: 110518096 | F36: C81 | G36: Ducto entrada filtros mangas pernos suel | H36: CGSTMRMM | I36: CHSS-SU-PHC-SAL-SIL02-FIL | J36: FILTRO DE MANGA | K36: CTEC NOTI DOCU IMOP JBFI KKMP PREC | L36: TRAT | M36: 46154 | N36: 46154 | O36: MJAIM002 | P36: CMEND008 | Q36: 46154 | R36: 46154 | S36: 46154 | T36: 46154 | U36: 46154 | X36: 0.02 | Y36: 0.02
A37: C81 | B37: NP | C37: 035 | D37: 30042780 | E37: 110518097 | F37: C81 | G37: Cambio válvula 1" cajón trómel MH2 | H37: CGSTMRMM | I37: CHSS-SU-PHC-MMH-MLH02 | J37: MOLINO HARDINGE Nº2 | K37: CTEC NOTI DOCU IMOP JBFI KKMP PREC | L37: TRAT | M37: 46154 | N37: 46154 | O37: MJAIM002 | P37: CMEND008 | Q37: 46154 | R37: 46154 | S37: 46154 | T37: 46154 | U37: 46154 | X37: 0.02 | Y37: 0.02
A38: C82 | B38: NP | C38: 030 | D38: 30045218 | E38: 110518476 | F38: C82 | G38: Med. Desc. parciales Enlace T7-123 SE 10 | H38: CGSSERME | I38: CDEE-SEP-S10-PAT | J38: PATIO SUBESTACION 10 | K38: CTEC NOTI DOCU FCAP IMOP JBFI KKMP PREC | L38: TBTR | M38: 46154 | N38: 46154 | O38: ICUEV002 | P38: JGALA017 | Q38: 46154 | R38: 46154 | S38: 46154 | T38: 46154 | U38: 46154 | X38: 164.8 | Y38: 164.8
A39: C82 | B39: PL | C39: 010 | D39: 28605719 | E39: 109124261 | F39: C82 | G39: LAVADO DE AISLADORES LINEA 12 | H39: CGSSERME | I39: CDEE-LIN-L12-100 | J39: LINEA Nº12 | K39: CTEC NOTI DOCU IMOP JBFI KKMP PREC PROG | L39: TBTR | M39: 46155 | N39: 46157 | O39: JCARR068 | P39: CURQU002 | Q39: 46147 | R39: 45713 | S39: 46155 | T39: 46155 | U39: 46159 | V39: 21398 | W39: 38839 | X39: 0.64 | Y39: 0.64
A40: C81 | B40: PL | C40: 025 | D40: 28714656 | E40: 109229554 | F40: C81 | G40: Normalización de líneas agua/aire/aceite | H40: CGSTMRMM | I40: CHSS-SU-CTS-A90-COS13 | J40: COMPRESOR CENTRIFUGO ELLIOTT 13 | K40: LIB. NOTI DOCU IMOP JBFI MACO MOVM PREC* | L40: TBTR | M40: 46155 | N40: 46155 | O40: TRAMI002 | P40: MJAIM002 | Q40: 45743 | R40: 45741 | S40: 46155 | T40: 46155 | U40: 46159 | X40: 850.64 | Y40: 928.57
A41: C81 | B41: PL | C41: 025 | D41: 28959584 | E41: 109466750 | F41: C81 | G41: Cambio vvla venteo/filtros C-1 | H41: CGSTMRMM | I41: CHSS-SU-CTS-A90-COS01 | J41: COMPRESOR CENTRIFUGO ELLIOTT 01 | K41: LIB. NOTI DOCU IMOP JBFI MACO MOVM PREC* | L41: TBTR | M41: 46155 | N41: 46155 | O41: TRAMI002 | P41: MJAIM002 | Q41: 45819 | R41: 45818 | S41: 46155 | T41: 46153 | U41: 46159 | X41: 33443.92 | Y41: 33443.75
A42: C82 | B42: PL | C42: 010 | D42: 29768502 | E42: 110251289 | F42: C82 | G42: BANCO BATERIAS N°1 SALA S/E K1 | H42: CGSSERME | I42: CHSS-SE-SUP-SPA-SUBK1-BAT-K11 | J42: BANCO BATERIAS SALA N°1 S/E K1 | K42: CTEC NOTI DOCU IMOP JBFI KKMP PREC PROG | L42: TBTR | M42: 46155 | N42: 46155 | O42: IP1020260212 | P42: DVALD025 | Q42: 46147 | R42: 46065 | S42: 46155 | T42: 46155 | U42: 46155 | V42: 228618 | W42: 407535 | X42: 0.06 | Y42: 0.06
A43: C82 | B43: PL | C43: 010 | D43: 29768503 | E43: 110251290 | F43: C82 | G43: BANCO BATERIAS N°2 SALA S/E K1 | H43: CGSSERME | I43: CHSS-SE-SUP-SPA-SUBK1-BAT-K12 | J43: BANCO BATERIAS SALA N°2 S/E K1 | K43: CTEC NOTI DOCU IMOP JBFI KKMP PREC PROG | L43: TBTR | M43: 46155 | N43: 46155 | O43: IP1020260212 | P43: DVALD025 | Q43: 46147 | R43: 46065 | S43: 46155 | T43: 46155 | U43: 46155 | V43: 228618 | W43: 407536 | X43: 0.06 | Y43: 0.06
A44: C82 | B44: PL | C44: 010 | D44: 29768504 | E44: 110251291 | F44: C82 | G44: CARGADOR BATERIAS N°1 SALA S/E K1 | H44: CGSSERME | I44: CHSS-SE-SUP-SPA-SUBK1-BAT-C11 | J44: CARGADOR BATERIAS N°1 SALA S/E K1 | K44: CTEC NOTI DOCU IMOP JBFI KKMP PREC PROG | L44: TBTR | M44: 46155 | N44: 46155 | O44: IP1020260212 | P44: DVALD025 | Q44: 46147 | R44: 46065 | S44: 46155 | T44: 46155 | U44: 46155 | V44: 228618 | W44: 407614 | X44: 0.06 | Y44: 0.06
A45: C81 | B45: PL | C45: 010 | D45: 29806665 | E45: 110288268 | F45: C81 | G45: MRT 12S MEC MTTO CALDERA N°2 | H45: CGSTMRMM | I45: CHSS-SU-CTR-GDV-CAL02 | J45: CALDERA DISTRAL Nº2 | K45: CTEC NOTI DOCU IMOP JBFI KKMP PREC PROG | L45: TBTR | M45: 46155 | N45: 46156 | O45: IP1020260225 | P45: CMEND008 | Q45: 46145 | R45: 46078 | S45: 46155 | T45: 46155 | U45: 46159 | V45: 225697 | W45: 419108 | X45: 1309.18 | Y45: 1531.84
A46: C81 | B46: PL | C46: 010 | D46: 29956152 | E46: 110432884 | F46: C81 | G46: MRT 1S MEC LIMPIEZA MOLINO TORRE | H46: CGSTMRMM | I46: CHSS-SU-PHC-MMV-MLNTR | J46: MOLINO TORRE | K46: CTEC NOTI DOCU IMOP JBFI KKMP PREC PROG | L46: TRAT | M46: 46155 | N46: 46155 | O46: IP1020260414 | P46: CMEND008 | Q46: 46145 | R46: 46126 | S46: 46155 | T46: 46155 | U46: 46155 | V46: 139518 | W46: 251837 | X46: 89.2 | Y46: 89.2
A47: C81 | B47: PL | C47: 010 | D47: 29960313 | E47: 110436792 | F47: C81 | G47: MRT 16S MEC MTTO PUENTE GRUA SALA COMP | H47: CGSTMRMM | I47: CHSS-SU-CTR-AUX-GPTCO | J47: PUENTE GRÚA 5 TONS SALA COMPRESORES | K47: LIB. NOTI IMOP JBFI KKMP PREC PROG | L47: TBTR | M47: 46155 | N47: 46155 | O47: IP1020260415 | P47: VVERG011 | Q47: 46147 | R47: 46127 | S47: 46155 | T47: 46155 | U47: 46155 | V47: 225703 | W47: 419114 | X47: 0.29 | Y47: 0.18
A48: C81 | B48: PL | C48: 010 | D48: 29971631 | E48: 110447997 | F48: C81 | G48: MRT 4S MTTO MEC CORREA 04 | H48: CGSTMRMM | I48: CHSS-SU-PHC-TCH-CTR04 | J48: CORREA TRANSPORTADORA Nº04 | K48: CTEC NOTI DOCU IMOP JBFI KKMP PREC PROG | L48: TRAT | M48: 46155 | N48: 46155 | O48: IP1020260420 | P48: CMEND008 | Q48: 46145 | R48: 46132 | S48: 46155 | T48: 46155 | U48: 46155 | V48: 225398 | W48: 418488 | X48: 267.35 | Y48: 267.35
A49: C81 | B49: PL | C49: 010 | D49: 29971632 | E49: 110447998 | F49: C81 | G49: MRT 4S MTTO MEC CORREA 129A | H49: CGSTMRMM | I49: CHSS-SU-PHC-TCH-C129A | J49: CORREA TRANSPORTADORA Nº129 A | K49: CTEC NOTI DOCU IMOP JBFI KKMP PREC PROG | L49: TRAT | M49: 46155 | N49: 46155 | O49: IP1020260420 | P49: CMEND008 | Q49: 46145 | R49: 46132 | S49: 46155 | T49: 46155 | U49: 46155 | V49: 225399 | W49: 418489 | X49: 267.35 | Y49: 267.35
A50: C81 | B50: PL | C50: 010 | D50: 29993418 | E50: 110468794 | F50: C81 | G50: MRT 2S LIMPIEZA FLEXIBILIDAD OPERATIVA | H50: CGSTMRMM | I50: CHSS-SU-PHC-TLC | J50: TRANSPORTE DE LECHADA DE CAL | K50: CTEC NOTI DOCU IMOP JBFI KKMP PREC PROG | L50: TRAT | M50: 46155 | N50: 46155 | O50: IP1020260427 | P50: CMEND008 | Q50: 46145 | R50: 46139 | S50: 46155 | T50: 46155 | U50: 46155 | V50: 225831 | W50: 419261 | X50: 0.14 | Y50: 0.14
A51: C81 | B51: PL | C51: 025 | D51: 29999742 | E51: 110475349 | F51: C81 | G51: INST BIOMETRICO ACCESO SALA 09 | H51: CGSTMRMM | I51: CHSS-SU-CTS-SAL-SLT09 | J51: SALA ELECTRICA Nº9 PLANTA OSMOSIS | K51: CTEC NOTI DOCU IMOP JBFI KKMP PREC PROG | L51: TBTR | M51: 46155 | N51: 46157 | O51: VVERG011 | P51: CMEND008 | Q51: 46145 | R51: 46140 | S51: 46155 | T51: 46153 | U51: 46156 | X51: 178.56 | Y51: 178.56
A52: C81 | B52: NP | C52: 035 | D52: 30043080 | E52: 110518615 | F52: C81 | G52: REVISIÓN SOPLADOR 8 TRIP AL CAMBIO | H52: CGSTMRMM | I52: CHSS-SU-CTS-A20-SOP08 | J52: SOPLADOR INGERSOL RAND Nº 8 | K52: CTEC NOTI DOCU IMOP JBFI KKMP PREC | L52: TBTR | M52: 46155 | N52: 46155 | O52: JMAMA008 | P52: CMEND008 | Q52: 46154 | R52: 46154 | S52: 46155 | T52: 46154 | U52: 46154 | X52: 89.06 | Y52: 89.06
A53: C81 | B53: NP | C53: 035 | D53: 30045930 | E53: 110519436 | F53: C81 | G53: Revisión Ajuste de sello Bomba 010 | H53: CGSTMRMM | I53: CHSS-SU-PHC-TLC-BBA10 | J53: BOMBA 010 ATP | K53: CTEC NOTI DOCU IMOP JBFI KKMP PREC | L53: TBTR | M53: 46155 | N53: 46155 | O53: MJAIM002 | P53: CMEND008 | Q53: 46155 | R53: 46154 | S53: 46155 | T53: 46154 | U53: 46154 | X53: 89.08 | Y53: 89.08
A54: C81 | B54: PL | C54: 025 | D54: 29020872 | E54: 109526314 | F54: C81 | G54: Normalización líneas AG/VA/AI C-90 psi.} | H54: CGSTMRMM | I54: CHSS-SU-CTS-A90 | J54: GENERACION DE AIRE 90 PSIG | K54: LIB. NOTI DOCU IMOP JBFI MACO MOVM PREC* | L54: TBTR | M54: 46156 | N54: 46156 | O54: TRAMI002 | P54: MJAIM002 | Q54: 45838 | R54: 45838 | S54: 46156 | T54: 46154 | U54: 46159 | X54: 8779.55 | Y54: 11527.53
A55: C82 | B55: PL | C55: 010 | D55: 29768505 | E55: 110251292 | F55: C82 | G55: CARGADOR BATERIAS N°2 SALA S/E K1 | H55: CGSSERME | I55: CHSS-SE-SUP-SPA-SUBK1-BAT-C12 | J55: CARGADOR BATERIAS N°2 SALA S/E K1 | K55: CTEC NOTI DOCU IMOP JBFI KKMP PREC PROG | L55: TBTR | M55: 46156 | N55: 46156 | O55: IP1020260212 | P55: DVALD025 | Q55: 46147 | R55: 46065 | S55: 46156 | T55: 46156 | U55: 46156 | V55: 228618 | W55: 407615 | X55: 0.06 | Y55: 0.06
A56: C81 | B56: PL | C56: 010 | D56: 29796128 | E56: 110277899 | F56: C81 | G56: MRT 4S INST INSP CARGA BATERIAS G3 | H56: CGSTMRMM | I56: CHSS-SU-CTS-GMD-GND03 | J56: GRUPO GENERACION DIESEL 3 | K56: CTEC NOTI DOCU IMOP JBFI KKMP PREC PROG | L56: TBTR | M56: 46156 | N56: 46156 | O56: IP1020260223 | P56: CMEND008 | Q56: 46093 | R56: 46076 | S56: 46156 | T56: 46156 | U56: 46156 | V56: 224029 | W56: 415489 | X56: 89.06 | Y56: 89.06
A57: C81 | B57: PL | C57: 010 | D57: 29796129 | E57: 110277900 | F57: C81 | G57: MRT 4S INST INSP CARGA BATERIAS G4 | H57: CGSTMRMM | I57: CHSS-SU-CTS-GMD-GND04 | J57: GRUPO GENERACION DIESEL 4 | K57: CTEC NOTI DOCU IMOP JBFI KKMP PREC PROG | L57: TBTR | M57: 46156 | N57: 46156 | O57: IP1020260223 | P57: CMEND008 | Q57: 46093 | R57: 46076 | S57: 46156 | T57: 46156 | U57: 46156 | V57: 224030 | W57: 415490 | X57: 89.06 | Y57: 89.06
A58: C81 | B58: PL | C58: 010 | D58: 29929299 | E58: 110406276 | F58: C81 | G58: MRT 4S LIMPIEZA CANALA EXTERIOR | H58: CGSTMRMM | I58: CHSS-SU-PHC-MMH-CJCLA | J58: CAJON DE CICLON DE CLASIFICACION | K58: CTEC NOTI DOCU IMOP JBFI KKMP PREC PROG | L58: TRAT | M58: 46156 | N58: 46156 | O58: IP1020260406 | P58: CMEND008 | Q58: 46145 | R58: 46118 | S58: 46156 | T58: 46156 | U58: 46156 | V58: 225830 | W58: 419260 | X58: 0.13 | Y58: 0.13
A59: C81 | B59: PL | C59: 010 | D59: 29950901 | E59: 110427659 | F59: C81 | G59: MRT 4S INST INSP CARGA BATERIAS G1 | H59: CGSTMRMM | I59: CHSS-SU-CTS-GMD-GND01 | J59: GRUPO GENERACION DIESEL 1 | K59: CTEC NOTI DOCU IMOP JBFI KKMP PREC PROG | L59: TBTR | M59: 46156 | N59: 46156 | O59: IP1020260413 | P59: CMEND008 | Q59: 46145 | R59: 46125 | S59: 46156 | T59: 46156 | U59: 46156 | V59: 224027 | W59: 415487 | X59: 89.06 | Y59: 89.06
A60: C81 | B60: PL | C60: 010 | D60: 29950902 | E60: 110427660 | F60: C81 | G60: MRT 4S INST INSP CARGA BATERIAS G2 | H60: CGSTMRMM | I60: CHSS-SU-CTS-GMD-GND02 | J60: GRUPO GENERACION DIESEL 2 | K60: CTEC NOTI DOCU IMOP JBFI KKMP PREC PROG | L60: TBTR | M60: 46156 | N60: 46156 | O60: IP1020260413 | P60: CMEND008 | Q60: 46145 | R60: 46125 | S60: 46156 | T60: 46156 | U60: 46156 | V60: 224028 | W60: 415488 | X60: 89.06 | Y60: 89.06
A61: C81 | B61: PL | C61: 010 | D61: 29950991 | E61: 110427749 | F61: C81 | G61: MRT 4S ELEC MTTO UPS N°3 | H61: CGSTMRMM | I61: CHSS-SU-CTS-SAL-UPS03 | J61: UPS 03 - SALA ELÉCTRICA 4 | K61: CTEC NOTI DOCU IMOP JBFI KKMP PREC PROG | L61: TBTR | M61: 46156 | N61: 46156 | O61: IP1020260413 | P61: CMEND008 | Q61: 46145 | R61: 46125 | S61: 46156 | T61: 46155 | U61: 46155 | V61: 225490 | W61: 418709 | X61: 534.36 | Y61: 534.36
A62: C81 | B62: PL | C62: 010 | D62: 29950997 | E62: 110427755 | F62: C81 | G62: MRT 4S MTTO MEC BOMBA 2B | H62: CGSTMRMM | I62: CHSS-SU-PHC-MMH-BBA2B | J62: BOMBA RECIRCULADORA 2B | K62: CTEC NOTI DOCU IMOP JBFI KKMP PREC PROG | L62: TBTR | M62: 46156 | N62: 46156 | O62: IP1020260413 | P62: CMEND008 | Q62: 46145 | R62: 46125 | S62: 46156 | T62: 46156 | U62: 46156 | V62: 226651 | W62: 420007 | X62: 89.1 | Y62: 89.1
A63: C82 | B63: PL | C63: 020 | D63: 29998356 | E63: 110473454 | F63: C82 | G63: INSPECCIÓN SAPCI S/E K1 TRAFO 1-2 | H63: CGSSERME | I63: CHSS-SE-SUP-SPA-SUBK1-SAP-TR12 | J63: SISTEMA SAPCI S/E K1 TRAFO 1-2 | K63: CTEC NOTI DOCU IMOP JBFI KKMP PREC PROG | L63: TBTR | M63: 46156 | N63: 46156 | O63: IP1020260428 | P63: CURQU002 | Q63: 46140 | R63: 46140 | S63: 46156 | T63: 46156 | U63: 46156 | V63: 226006 | W63: 419379 | X63: 0.03 | Y63: 0.03
A64: C82 | B64: PL | C64: 020 | D64: 29998357 | E64: 110473455 | F64: C82 | G64: INSPECCION SAPCI S/E K1 TRAFO 3 | H64: CGSSERME | I64: CHSS-SE-SUP-SPA-SUBK1-SAP-TR03 | J64: SISTEMA SAPCI S/E K1 TRAFO 3 | K64: CTEC NOTI DOCU IMOP JBFI KKMP PREC PROG | L64: TBTR | M64: 46156 | N64: 46156 | O64: IP1020260428 | P64: CURQU002 | Q64: 46140 | R64: 46140 | S64: 46156 | T64: 46155 | U64: 46155 | V64: 226007 | W64: 419382 | X64: 0.03 | Y64: 0.03
A65: C82 | B65: PL | C65: 020 | D65: 29998359 | E65: 110473457 | F65: C82 | G65: INSPECCION SAPCI S/E SOPLADORES TRAFO 1 | H65: CGSSERME | I65: CHSS-SE-SUP-SPA-SUBSO-SAP-TRA1 | J65: SISTEMA SAPCI S/E SOPLADORES TRAFO 1 | K65: CTEC NOTI DOCU IMOP JBFI KKMP PREC PROG | L65: TBTR | M65: 46156 | N65: 46156 | O65: IP1020260428 | P65: AANZA001 | Q65: 46140 | R65: 46140 | S65: 46156 | T65: 46154 | U65: 46154 | V65: 226008 | W65: 419605 | X65: 0.03 | Y65: 0.03
A66: C82 | B66: PL | C66: 010 | D66: 29998364 | E66: 110473462 | F66: C82 | G66: INSPECCI SAPCI S/E SOPLADORES GIS 13,8KV | H66: CGSSERME | I66: CHSS-SE-SUP-SPA-SUBSO-SAP-G138 | J66: SISTEMA SAPCI S/E SOPLADORES GIS 13,8KV | K66: CTEC NOTI DOCU IMOP JBFI KKMP PREC PROG | L66: TBTR | M66: 46156 | N66: 46156 | O66: IP1020260428 | P66: CURQU002 | Q66: 46140 | R66: 46140 | S66: 46156 | T66: 46155 | U66: 46155 | V66: 226010 | W66: 419611 | X66: 0.03 | Y66: 0.03
... A68: C82 | B68: PL | C68: 010 | D68: 29998377 | E68: 110473475 | F68: C82 | G68: INSPECCION SAPCI S/E TCHITACK SALA GIS | H68: CGSSERME | I68: CHSS-SE-SUP-SPA-SUBTC-SAP-SGIS | J68: SISTEMA SAPCI S/E TCHITACK SALA CONTROL | K68: CTEC NOTI DOCU IMOP JBFI KKMP PREC PROG | L68: TBTR | M68: 46156 | N68: 46156 | O68: IP1020260428 | P68: CURQU002 | Q68: 46140 | R68: 46140 | S68: 46156 | T68: 46155 | U68: 46155 | V68: 226082 | W68: 419617 | X68: 0.03 | Y68: 0.03
A69: C82 | B69: PL | C69: 025 | D69: 29987753 | E69: 110474160 | F69: C82 | G69: EJE. CAMBIO RASA CELDA K13 S/E 10A | H69: CGSSERME | I69: CDEE-SEP-10A-P11-S13-S05 | J69: CUBICULO DESCONECTADOR BARRA 2 | K69: CTEC NOTI DOCU IMOP JBFI KKMP PREC PROG | L69: TBTR | M69: 46156 | N69: 46156 | O69: ECAAMANO | P69: CURQU002 | Q69: 46148 | R69: 46140 | S69: 46156 | T69: 46156 | U69: 46157 | X69: 4161.2 | Y69: 906.4
A70: C82 | B70: PL | C70: 025 | D70: 30019397 | E70: 110496644 | F70: C82 | G70: STN MTTO SIST RESPALDO S/E PRINCIPAL CAL | H70: CGSSERME | I70: CDEE-SED-SPL-ANE | J70: SISTEMAS ANEXOS | K70: CTEC NOTI DOCU IMOP JBFI KKMP PREC PROG | L70: TBTR | M70: 46156 | N70: 46156 | O70: SBAUT001 | P70: DVALD025 | Q70: 46147 | R70: 46147 | S70: 46156 | T70: 46156 | U70: 46156 | X70: 0.15 | Y70: 0.15
A71: C82 | B71: NP | C71: 035 | D71: 30052303 | E71: 110526034 | F71: C82 | G71: RELLENO SF6 L12 GIS 100 KV SE CHUQUI | H71: CGSSERME | I71: CHSS-SE-LIA-L1K-LIN12 | J71: "LINEA 12 100 KV ""S/E CHUQUI - S/E K-1" | K71: CTEC NOTI DOCU IMOP JBFI KKMP PREC | L71: TBTR | M71: 46156 | N71: 46156 | O71: PMIRA012 | P71: CURQU002 | Q71: 46157 | R71: 46156 | S71: 46156 | T71: 46156 | U71: 46157 | X71: 247.2 | Y71: 247.2
A72: C81 | B72: PL | C72: 025 | D72: 29022376 | E72: 109527858 | F72: C81 | G72: Normalización línea hidrociclón C-24. | H72: CGSTMRMM | I72: CHSS-SU-CTS-A90-COS24 | J72: COMPRESOR CENTRIFUGO ELLIOTT 24 | K72: LIB. NOTI DOCU IMOP JBFI MACO MOVM PREC* | L72: TBTR | M72: 46157 | N72: 46157 | O72: TRAMI002 | P72: MJAIM002 | Q72: 45838 | R72: 45838 | S72: 46157 | T72: 46156 | U72: 46159 | X72: 12257.58 | Y72: 15440.44
A73: C81 | B73: PL | C73: 025 | D73: 29128380 | E73: 109671213 | F73: C81 | G73: Mejorar sistema filtros de admisión CTR | H73: CGSTMRMM | I73: CHSS-SU-CTR-GDA | J73: GENERACION DE AIRE | K73: LIB. NOTP DOCU IMOP MACO MOVM PREC PRPA | L73: TRAT | M73: 46157 | N73: 46157 | O73: VVERG011 | P73: MJAIM002 | Q73: 45925 | R73: 45883 | S73: 46157 | T73: 46155 | X73: 11500.37 | Y73: 11578.9
A74: C81 | B74: PL | C74: 010 | D74: 29929293 | E74: 110406270 | F74: C81 | G74: MRT 4S MEC TOMA MUESTRA ACEITE S20 | H74: CGSTMRMM | I74: CHSS-SU-CTS-A90 | J74: GENERACION DE AIRE 90 PSIG | K74: CTEC NOTI DOCU IMOP JBFI KKMP PREC PROG | L74: TBTR | M74: 46157 | N74: 46157 | O74: IP1020260406 | P74: CMEND008 | Q74: 46145 | R74: 46118 | S74: 46157 | T74: 46158 | U74: 46158 | V74: 221165 | W74: 408138 | X74: 231.53 | Y74: 231.53
A75: C81 | B75: PL | C75: 010 | D75: 29956155 | E75: 110432887 | F75: C81 | G75: MRT 1S MEC LIMPIEZA AEROVENTILADORES | H75: CGSTMRMM | I75: CHSS-SU-CTS-A70 | J75: GENERACION DE AIRE DE 70 LB | K75: CTEC NOTI DOCU IMOP JBFI KKMP PREC PROG | L75: TRAT | M75: 46157 | N75: 46157 | O75: IP1020260414 | P75: CMEND008 | Q75: 46145 | R75: 46126 | S75: 46157 | T75: 46157 | U75: 46157 | V75: 220521 | W75: 406889 | X75: 178.18 | Y75: 178.18
A76: C82 | B76: PL | C76: 010 | D76: 29967392 | E76: 110443469 | F76: C82 | G76: INSPECCION MT CHANCADO PRIMARIO PTMP | H76: CGSSERME | I76: CDEE-SEP-SAL-GI3-SW2-CHP | J76: CUBICULO CHANCADO PRIMARIO | K76: CTEC NOTI DOCU IMOP JBFI KKMP PREC PROG | L76: TBTR | M76: 46157 | N76: 46158 | O76: IP1020260418 | P76: CURQU002 | Q76: 46146 | R76: 46130 | S76: 46157 | T76: 46157 | U76: 46159 | V76: 40129 | W76: 72913 | X76: 1812.8 | Y76: 1812.8
A77: C82 | B77: PL | C77: 020 | D77: 29998381 | E77: 110473479 | F77: C82 | G77: INSPECCION SAPCI S/E TCHITACK GIS 220KV | H77: CGSSERME | I77: CHSS-SE-SUP-SPA-SUBTC-SAP-G220 | J77: SISTEMA SAPCI S/E TCHITACK GIS 220KV | K77: CTEC NOTI DOCU IMOP JBFI KKMP PREC PROG | L77: TBTR | M77: 46157 | N77: 46157 | O77: IP1020260428 | P77: CURQU002 | Q77: 46140 | R77: 46140 | S77: 46157 | T77: 46156 | U77: 46156 | V77: 226083 | W77: 419620 | X77: 0.03 | Y77: 0.03
A78: C82 | B78: PL | C78: 020 | D78: 29998386 | E78: 110473484 | F78: C82 | G78: INSPECCION SAPCI S/E TCHITACK GIS 34,5KV | H78: CGSSERME | I78: CHSS-SE-SUP-SPA-SUBTC-SAP-G345 | J78: SISTEMA SAPCI S/E TCHITACK GIS 34,5KV | K78: CTEC NOTI DOCU IMOP JBFI KKMP PREC PROG | L78: TBTR | M78: 46157 | N78: 46157 | O78: IP1020260428 | P78: CURQU002 | Q78: 46140 | R78: 46140 | S78: 46157 | T78: 46156 | U78: 46156 | V78: 226084 | W78: 419623 | X78: 0.03 | Y78: 0.03
A79: C81 | B79: PL | C79: 025 | D79: 29999744 | E79: 110475343 | F79: C81 | G79: INST BIOMETRICO ACCESO SALA CTR | H79: CGSTMRMM | I79: CHSS-SU-CTR-INS-SLT01 | J79: SALA ELECTRICA | K79: CTEC NOTI DOCU IMOP JBFI KKMP PREC PROG | L79: TRAT | M79: 46157 | N79: 46158 | O79: VVERG011 | P79: CMEND008 | Q79: 46145 | R79: 46140 | S79: 46157 | T79: 46157 | U79: 46157 | X79: 178.32 | Y79: 178.32
A80: C81 | B80: PL | C80: 025 | D80: 29999798 | E80: 110475352 | F80: C81 | G80: INSPECCION SALA ELECTRICA | H80: CGSTMRMM | I80: CHSS-SU-CTS-SAL | J80: SALAS ELECTRICAS | K80: CTEC NOTI DOCU IMOP JBFI KKMP PREC PROG | L80: TBTR | M80: 46157 | N80: 46157 | O80: VVERG011 | P80: CMEND008 | Q80: 46145 | R80: 46140 | S80: 46157 | T80: 46159 | U80: 46159 | X80: 178.12 | Y80: 178.12
A81: CO2 | B81: NP | C81: 030 | D81: 30055233 | E81: 110527601 | F81: CO2 | G81: REPARACION CTO ENCHUFES GCON | H81: CCOAXRME | I81: CHCO-IN-INF-EDF-OFI01 | J81: EDIFICIO GERENCIA CONCENTRADORA | K81: LIB. NOTP DOCU IMOP KKMP PREC | L81: TRAT | M81: 46157 | N81: 46158 | O81: FHUAI001 | P81: JSOUB002 | Q81: 46157 | R81: 46157 | S81: 46157 | T81: 46157 | X81: 0.7 | Y81: 4.7
A82: C81 | B82: PL | C82: 025 | D82: 29580203 | E82: 110085717 | F82: C81 | G82: Cambio bomba N°1 Compresor 29 DESGASTE | H82: CGSTMRMM | I82: CHSS-SU-CTS-A30-CAP29-SEN-BBA1 | J82: BOMBA N° 1, ENFRIADERA | K82: LIB. NOTI DOCU IMOP JBFI MACO MOVM PREC* | L82: TBTR | M82: 46158 | N82: 46158 | O82: VVERG011 | P82: MJAIM002 | Q82: 46015 | R82: 46013 | S82: 46158 | T82: 46156 | U82: 46159 | X82: 13677.89 | Y82: 13856.01
A83: C82 | B83: PL | C83: 025 | D83: 29877735 | E83: 110377744 | F83: C82 | G83: Revis. y repar. Comp aire 52HT18 S/E A | H83: CGSSERME | I83: CDEE-SEP-SEA-P18 | J83: PAÑO TRANSFORMADOR Nº18 | K83: CTEC NOTI DOCU IMOP JBFI KKMP PREC PROG | L83: TBTR | M83: 46158 | N83: 46158 | O83: JCARR068 | P83: CURQU002 | Q83: 46148 | R83: 46107 | S83: 46158 | T83: 46158 | U83: 46159 | X83: 1812.8 | Y83: 906.4
A84: C82 | B84: PL | C84: 010 | D84: 29963345 | E84: 110439645 | F84: C82 | G84: Inspección 2M S/E Sopladores | H84: CGSSERME | I84: CHSS-SE-SUP-SPA-SUBSO | J84: SUBESTACION SOPLADORES | K84: CTEC NOTI DOCU IMOP JBFI KKMP PREC PROG | L84: TBTR | M84: 46158 | N84: 46159 | O84: IP1020260416 | P84: CURQU002 | Q84: 46139 | R84: 46128 | S84: 46158 | T84: 46157 | U84: 46157 | V84: 155127 | W84: 279882 | X84: 988.8 | Y84: 988.8
A85: C82 | B85: PL | C85: 010 | D85: 29963346 | E85: 110439646 | F85: C82 | G85: Inspección 2M S/E K-1 | H85: CGSSERME | I85: CHSS-SE-SUP-SPA-SUBK1 | J85: SUBESTACION K-1 | K85: CTEC NOTI DOCU IMOP JBFI KKMP PREC PROG | L85: TBTR | M85: 46158 | N85: 46159 | O85: IP1020260416 | P85: CURQU002 | Q85: 46139 | R85: 46128 | S85: 46158 | T85: 46158 | U85: 46159 | V85: 155130 | W85: 279914 | X85: 988.8 | Y85: 988.8
A86: C82 | B86: PL | C86: 010 | D86: 29963347 | E86: 110439647 | F86: C82 | G86: Termografía 2M S/E Sopladores | H86: CGSSERME | I86: CHSS-SE-SUP-SPA-SUBSO | J86: SUBESTACION SOPLADORES | K86: CTEC NOTI DOCU IMOP JBFI KKMP PREC PROG | L86: TBTR | M86: 46158 | N86: 46158 | O86: IP1020260416 | P86: CURQU002 | Q86: 46139 | R86: 46128 | S86: 46158 | T86: 46157 | U86: 46157 | V86: 155156 | W86: 279905 | X86: 247.2 | Y86: 247.2
A87: C82 | B87: PL | C87: 010 | D87: 29963348 | E87: 110439648 | F87: C82 | G87: Termografía 2M S/E K-1 | H87: CGSSERME | I87: CHSS-SE-SUP-SPA-SUBK1 | J87: SUBESTACION K-1 | K87: CTEC NOTI DOCU IMOP JBFI KKMP PREC PROG | L87: TBTR | M87: 46158 | N87: 46158 | O87: IP1020260416 | P87: CURQU002 | Q87: 46139 | R87: 46128 | S87: 46158 | T87: 46158 | U87: 46159 | V87: 155159 | W87: 279917 | X87: 247.2 | Y87: 247.2
A88: C81 | B88: PL | C88: 025 | D88: 29999838 | E88: 110475347 | F88: C81 | G88: (Q) TRAB PREVIOS MTTO 6M COMP 29 | H88: CGSTMRMM | I88: CHSS-SU-CTS-A30-CAP29 | J88: COMPRESOR CENTRIFUGO 29 | K88: LIB. NOTP DOCU IMOP KKMP PREC PROG | L88: TRAT | M88: 46158 | N88: 46159 | O88: VVERG011 | P88: MREINES | Q88: 46145 | R88: 46140 | S88: 46158 | T88: 46158 | X88: 792.71 | Y88: 1398.39
A89: C81 | B89: NP | C89: 035 | D89: 30046345 | E89: 110524952 | F89: C81 | G89: Limpieza cajón Bomba Aurora Molino Torre | H89: CGSTMRMM | I89: CHSS-SU-PHC-MMV-BBAPA | J89: BOMBA POZO AURORA 20 | K89: LIB. NOTI IMOP JBFI KKMP PREC | L89: TRAT | M89: 46158 | N89: 46158 | O89: MJAIM002 | P89: VSANT007 | Q89: 46158 | R89: 46156 | S89: 46158 | T89: 46157 | U89: 46157 | X89: 0.04 | Y89: 0.04
A90: C81 | B90: NP | C90: 035 | D90: 30052226 | E90: 110525045 | F90: C81 | G90: Reparaciones roturas líneas acel. Silo 2 | H90: CGSTMRMM | I90: CHSS-SU-PHC-SAL-SIL02-SIL | J90: LINEAS DE CARGA NEUMATICA | K90: CTEC NOTI DOCU IMOP JBFI KKMP PREC | L90: TRAT | M90: 46158 | N90: 46158 | O90: MJAIM002 | P90: CMEND008 | Q90: 46158 | R90: 46156 | S90: 46158 | T90: 46156 | U90: 46157 | X90: 0.04 | Y90: 0.04
A91: C82 | B91: PL | C91: 025 | D91: 29794294 | E91: 110304324 | F91: C82 | G91: Toma Mstra Aceite EquCrít 2°Sem T7A SE10 | H91: CGSSERME | I91: CHSS-SE-PAT-S10-PAT7A | J91: PAÑO TRANSFORMADOR Nº7A | K91: CTEC NOTI DOCU IMOP JBFI KKMP PREC PROG | L91: TBTR | M91: 46159 | N91: 46159 | O91: JCARR068 | P91: CURQU002 | Q91: 46148 | R91: 46084 | S91: 46159 | T91: 46159 | U91: 46159 | X91: 906.4 | Y91: 906.4
A92: C82 | B92: PL | C92: 020 | D92: 29950728 | E92: 110427496 | F92: C82 | G92: MED.DESCARGAS PARCIALES S/E TCHITACk TR2 | H92: CGSSERME | I92: CHSS-SE-SUP-SPA-SUBTC-TRF-TRA2 | J92: TRANSFORMADOR T2 220/34.5KV 75/100MVA | K92: CTEC NOTI DOCU IMOP JBFI KKMP PREC PROG | L92: TBTR | M92: 46159 | N92: 46159 | O92: IP1020260413 | P92: CURQU002 | Q92: 46146 | R92: 46125 | S92: 46159 | T92: 46159 | U92: 46159 | V92: 204428 | W92: 375588 | X92: 164.8 | Y92: 164.8
A93: C82 | B93: PL | C93: 020 | D93: 29967478 | E93: 110443695 | F93: C82 | G93: MEDICIÓN DESCARGAS PARCIALES ATR2 | H93: CGSSERME | I93: CHSS-SE-GKV-SCH-GI220 | J93: GIS 220 kV CHUQUICAMATA | K93: CTEC NOTI DOCU IMOP JBFI KKMP PREC PROG | L93: TBTR | M93: 46159 | N93: 46159 | O93: IP1020260418 | P93: CURQU002 | Q93: 46146 | R93: 46130 | S93: 46159 | T93: 46159 | U93: 46159 | V93: 204363 | W93: 375059 | X93: 370.8 | Y93: 164.8
A94: C82 | B94: PL | C94: 020 | D94: 29998087 | E94: 110473175 | F94: C82 | G94: TOMA MUESTRA ACEITE S/E CHUQUICAMAT ATR1 | H94: CGSSERME | I94: CHSS-SE-GKV-SCH-GI100 | J94: GIS 100 kV CHUQUICAMATA | K94: CTEC NOTI DOCU IMOP JBFI KKMP PREC PROG | L94: TBTR | M94: 46159 | N94: 46159 | O94: IP1020260428 | P94: CURQU002 | Q94: 46140 | R94: 46140 | S94: 46159 | T94: 46159 | U94: 46159 | V94: 193024 | W94: 352523 | X94: 164.8 | Y94: 164.8
A95: C82 | B95: PL | C95: 020 | D95: 30011677 | E95: 110486153 | F95: C82 | G95: TOMA MUESTRA ACEITE S/E TCHITACK TR2 | H95: CGSSERME | I95: CHSS-SE-SUP-SPA-SUBTC-TRF-TRA2 | J95: TRANSFORMADOR T2 220/34.5KV 75/100MVA | K95: CTEC NOTI DOCU IMOP JBFI KKMP PREC PROG | L95: TBTR | M95: 46159 | N95: 46159 | O95: IP1020260502 | P95: CURQU002 | Q95: 46146 | R95: 46144 | S95: 46159 | T95: 46159 | U95: 46159 | V95: 204441 | W95: 352901 | X95: 164.8 | Y95: 164.8
A96: C82 | B96: PL | C96: 020 | D96: 30020804 | E96: 110494994 | F96: C82 | G96: TOMA MUESTRA ACEITE S/E TCHITACK TR1 | H96: CGSSERME | I96: CHSS-SE-SUP-SPA-SUBTC-TRF-TRA1 | J96: TRANSFORMADOR T1 220/34.5KV 75/100MVA | K96: CTEC NOTI DOCU IMOP JBFI KKMP PREC PROG | L96: TBTR | M96: 46159 | N96: 46159 | O96: IP1020260505 | P96: CURQU002 | Q96: 46148 | R96: 46147 | S96: 46159 | T96: 46159 | U96: 46159 | V96: 192891 | W96: 352900 | X96: 164.8 | Y96: 164.8
A97: C81 | B97: NP | C97: 035 | D97: 30056232 | E97: 110529391 | F97: C81 | G97: Revisar panel de control (apagadoa9 | H97: CGSTMRMM | I97: CHSS-SU-CTR-GDA-CAP03-CMT-PANC | J97: PANEL DE CONTROL (INST. Y MEDICIONES) | K97: CTEC NOTI DOCU IMOP JBFI KKMP PREC | L97: TBTR | M97: 46159 | N97: 46159 | O97: MREINES | P97: CMEND008 | Q97: 46158 | R97: 46158 | S97: 46159 | T97: 46158 | U97: 46158 | X97: 89.06 | Y97: 89.06
A98: C81 | B98: NP | C98: 035 | D98: 30056403 | E98: 110530667 | F98: C81 | G98: Cambio sello bba ciclón 1 M.Torre | H98: CGSTMRMM | I98: CHSS-SU-PHC-MMV-BBARE-BBA | J98: BOMBA RECIRCULADORA 1T | K98: LIB. NOTI IMOP JBFI KKMP PREC | L98: TBTR | M98: 46159 | N98: 46159 | O98: MJAIM002 | P98: VSANT007 | Q98: 46159 | R98: 46159 | S98: 46159 | T98: 46158 | U98: 46158 | X98: 89.08 | Y98: 89.08
A99: C81 | B99: NP | C99: 035 | D99: 29782177 | E99: 110264828 | F99: C81 | G99: Reparar ducto alim. al MH-2 | H99: CGSTMRMM | I99: CHSS-SU-PHC-MMH-MLH02-DUC | J99: DUCTO DE ALIMENTACIÓN DE CAL | K99: CTEC NOTI DOCU IMOP JBFI KKMP PREC | L99: TRAT | M99: 46160 | N99: 46160 | O99: VVERG011 | P99: CMEND008 | Q99: 46070 | R99: 46070 | S99: 46160 | T99: 46154 | U99: 46154 | X99: 0.02 | Y99: 0.02
A100: C81 | B100: PL | C100: 010 | D100: 30027247 | E100: 110500509 | F100: C81 | G100: MRT 6M MTTO COMPRESOR N°29 | H100: CGSTMRMM | I100: CHSS-SU-CTS-A30-CAP29 | J100: COMPRESOR CENTRIFUGO 29 | K100: LIB. NOTP DOCU IMOP MACO MOVM PREC PROG | L100: TRAT | M100: 46160 | N100: 46162 | O100: VVERG011 | P100: VVERG011 | Q100: 46148 | R100: 46148 | S100: 46160 | T100: 46159 | V100: 136288 | W100: 246318 | X100: 14415.86 | Y100: 19715.27
A101: C81 | B101: NP | C101: 035 | D101: 30058469 | E101: 110530732 | F101: C81 | G101: Cambio de motor bomba 3B PHC | H101: CGSTMRMM | I101: CHSS-SU-PHC-TLC-BBA3B | J101: BOMBA 3B CCON | K101: LIB. NOTP IMOP KKMP PREC | L101: TRAT | M101: 46160 | N101: 46160 | O101: MJAIM002 | P101: VSANT007 | Q101: 46159 | R101: 46159 | S101: 46160 | T101: 46159 | X101: 133.59 | Y101: 133.61
...

Sheet Tabla
A1: Avisos Pendientes
A2: Proceso | B2: Gr.Planif | C2: Gr.planif.PM | D2: Avisos
A3: 02 SUMINISTRO ELECTRICO DCH | B3: C82 | C3: Pl.Dist.Energ.Elec | D3: 7
A4: Total general | D4: 7
A7: Órdenes Pendientes
A8: Proceso | B8: Gr. Planif | C8: Gr.planif.PM | D8: Órdenes
A9: 03 PLANTAS DE SUMINISTROS DCH | B9: C81 | C9: Pl.Termoelec.Chuq. | D9: 5
A10: 99 ESENCIALES INFRA. SERV. DCH | B10: C71 | C10: Pl.Maestranza.Cent | D10: 2
B11: C82 | C11: Pl.Dist.Energ.Elec | D11: 4
A12: 01 INFRAESTRUC CONC DCH | B12: C71 | C12: Pl.Maestranza.Cent | D12: 5
B13: C84 | C13: Pl.Tall.Electr.Cen | D13: 1
B14: C72 | C14: Pl.Calderería.Cent | D14: 3
A15: 02 SUMINISTRO ELECTRICO DCH | B15: C82 | C15: Pl.Dist.Energ.Elec | D15: 9
A16: Total general | D16: 29
A19: % Trabajo Planificado
A20: Suma de HH Totales Reales | D20: Criterio
A21: Proceso | B21: Gr. planif | C21: Gr. planif.PM | D21: Planificado | E21: Sin HR | F21: Imprevistos | G21: Total general | H21: Cumplimiento
A22: 02 SUMINISTRO ELECTRICO DCH | B22: C82 | C22: Pl.Dist.Energ.Elec | D22: 463 | F22: 10 | G22: 473 | H22: =D22/G22 -> 0.97885835
A23: 03 PLANTAS DE SUMINISTROS DCH | B23: C81 | C23: Pl.Termoelec.Chuq. | D23: 756.1 | E23: 14 | F23: 47.5 | G23: 817.6 | H23: =D23/G23 -> 0.92477984
A24: 99 ESENCIALES INFRA. SERV. DCH | B24: C82 | C24: Pl.Dist.Energ.Elec | D24: 56 | G24: 56 | H24: =D24/G24 -> 1
B25: C81 | C25: Pl.Termoelec.Chuq. | D25: 29.5 | G25: 29.5 | H25: =D25/G25 -> 1
A26: 01 INFRAESTRUC CONC DCH | B26: CO2 | C26: Concentradora A2 | F26: 70 | G26: 70 | H26: =D26/G26 -> 0
A27: Total general | D27: 1304.6 | E27: 14 | F27: 127.5 | G27: 1446.1 | H27: =D27/G27 -> 0.90215061
A30: Programa Semanal
A31: Suma de Total Op. Programadas | D31: Criterio
A32: Proceso | B32: Gr.planif | C32: Gr.planif.PM | D32: Cumple | E32: No Cumple | F32: Total general | G32: % Cumplimiento
A33: 02 SUMINISTRO ELECTRICO DCH | B33: C82 | C33: Pl.Dist.Energ.Elec | D33: 42 | E33: 15 | F33: 57 | G33: =D33/F33 -> 0.73684211
A34: 03 PLANTAS DE SUMINISTROS DCH | B34: C81 | C34: Pl.Termoelec.Chuq. | D34: 244 | E34: 41 | F34: 285 | G34: 0.8807
A35: 99 ESENCIALES INFRA. SERV. DCH | B35: C82 | C35: Pl.Dist.Energ.Elec | D35: 16 | F35: 16 | G35: =D35/F35 -> 1
B36: C81 | C36: Pl.Termoelec.Chuq. | D36: 13 | E36: 20 | F36: 33 | G36: =D36/F36 -> 0.39393939
A37: Total general | D37: 315 | E37: 76 | F37: 391 | G37: 0.8235
A40: Plan Matriz
A41: Suma de Cantidad de Operaciones totales | D41: Criterio
A42: Proceso | B42: Gr.planif | C42: Gr.planif.PM | D42: Cumple | E42: No Cumple | F42: Total general | G42: % Cumplimiento
A43: 02 SUMINISTRO ELECTRICO DCH | B43: C82 | C43: Pl.Dist.Energ.Elec | D43: 12 | E43: 20 | F43: 32 | G43: =D43/F43 -> 0.375
A44: 03 PLANTAS DE SUMINISTROS DCH | B44: C81 | C44: Pl.Termoelec.Chuq. | D44: 154 | E44: 46 | F44: 200 | G44: 0.935
A45: 99 ESENCIALES INFRA. SERV. DCH | B45: C82 | C45: Pl.Dist.Energ.Elec | D45: 16 | F45: 16 | G45: =D45/F45 -> 1
B46: C81 | C46: Pl.Termoelec.Chuq. | D46: 2 | F46: 2 | G46: =D46/F46 -> 1
B47: C71 | C47: Pl.Maestranza.Cent | E47: 27 | F47: 27 | G47: =D47/F47 -> 0
A48: Total general | D48: 184 | E48: 93 | F48: 277 | G48: 0.7834

Sheet Avisos Pendientes
A1: Año natural/Semana | B1: Fase | C1: Proceso | D1: SubProceso | E1: Aviso | F1: Txt. Breve | G1: Clase de aviso | H1: Prioridad | I1: Status de Sistema | J1: Fecha Aviso PM | K1: Gr.planif.PM | L1: Gr.Planif | M1: Orden mantenimiento | N1: Columna3 | O1: Puesto de trabajo | P1: Pto. Trabajo | Q1: Número de avisos pendientes
A2: 18.2026 | B2: 08 INFR SERVIC Y SUMIN DCH | C2: 02 SUMINISTRO ELECTRICO DCH | D2: CDEE | E2: 29998837 | F2: Descargar Printout Celdas 34.5KV Tchitak | G2: M1 | H2: 3 | I2: DOCU MEAB | J2: 46140 | K2: Pl.Dist.Energ.Elec | L2: C82 | M2: # | N2: Sin asignar | O2: MANT & PLANIF SUMINISTRO ELECTRICO | P2: CGSSERME | Q2: 1
A3: 18.2026 | B3: 08 INFR SERVIC Y SUMIN DCH | C3: 02 SUMINISTRO ELECTRICO DCH | D3: CDEE | E3: 30001811 | F3: EJE IMAGEN TERMICA DE DEFECTUOSO TR14 | G3: M1 | H3: 3 | I3: DOCU MEAB | J3: 46140 | K3: Pl.Dist.Energ.Elec | L3: C82 | M3: # | N3: Sin asignar | O3: MANT & PLANIF SUMINISTRO ELECTRICO | P3: CGSSERME | Q3: 1
A4: 18.2026 | B4: 08 INFR SERVIC Y SUMIN DCH | C4: 02 SUMINISTRO ELECTRICO DCH | D4: CDEE | E4: 30007775 | F4: Ejec: ATR 2 SE Chuquicamata 220/100 KV | G4: M1 | H4: 3 | I4: DOCU MEAB | J4: 46142 | K4: Pl.Dist.Energ.Elec | L4: C82 | M4: # | N4: Sin asignar | O4: MANT & PLANIF SUMINISTRO ELECTRICO | P4: CGSSERME | Q4: 1
A5: 18.2026 | B5: 08 INFR SERVIC Y SUMIN DCH | C5: 02 SUMINISTRO ELECTRICO DCH | D5: CDEE | E5: 30013617 | F5: STNcierre perimetral y accesos bloqueado | G5: M1 | H5: 3 | I5: DOCU MEAB | J5: 46145 | K5: Pl.Dist.Energ.Elec | L5: C82 | M5: # | N5: Sin asignar | O5: MANT & PLANIF SUMINISTRO ELECTRICO | P5: CGSSERME | Q5: 1
A6: 18.2026 | B6: 08 INFR SERVIC Y SUMIN DCH | C6: 02 SUMINISTRO ELECTRICO DCH | D6: CDEE | E6: 30013618 | F6: rep. de fugas de aceite en unit. 25-A | G6: M1 | H6: 2 | I6: DOCU MEAB | J6: 46145 | K6: Pl.Dist.Energ.Elec | L6: C82 | M6: # | N6: Sin asignar | O6: MANT & PLANIF SUMINISTRO ELECTRICO | P6: CGSSERME | Q6: 1
A7: 18.2026 | B7: 08 INFR SERVIC Y SUMIN DCH | C7: 02 SUMINISTRO ELECTRICO DCH | D7: CHSS-SE | E7: 30012249 | F7: cambio presostato acoplador de barra | G7: M1 | H7: 3 | I7: DOCU MEAB | J7: 46144 | K7: Pl.Dist.Energ.Elec | L7: C82 | M7: # | N7: Sin asignar | O7: MANT & PLANIF SUMINISTRO ELECTRICO | P7: CGSSERME | Q7: 1
A8: 18.2026 | B8: 08 INFR SERVIC Y SUMIN DCH | C8: 02 SUMINISTRO ELECTRICO DCH | D8: # | E8: 30011912 | F8: Fab. de tablero de control motores TR5-b | G8: M1 | H8: 3 | I8: MEAB | J8: 46144 | K8: Pl.Dist.Energ.Elec | L8: C82 | M8: # | N8: Sin asignar | O8: MANT & PLANIF SUMINISTRO ELECTRICO | P8: CGSSERME | Q8: 1
A9: Resultado total | Q9: 7

Sheet Órdenes Pendientes
A1: Gr.planif.PM | B1: Gr. Planif | C1: Fase | D1: Proceso | E1: Sub-Proceso | F1: Orden mantenimiento | G1: Txt. Breve | H1: Status de Sistema | I1: Clase de orden | J1: Clase actividad PM | K1: Actividad PM | L1: Año natural/Semana | M1: Pto. Trabajo | N1: Puesto de trabajo | O1: Número de OT Pendientes
A2: Pl.Termoelec.Chuq. | B2: C81 | C2: 08 INFR SERVIC Y SUMIN DCH | D2: 03 PLANTAS DE SUMINISTROS DCH | E2: CHSS-SU | F2: 109500285 | G2: CAMBIO BBA 3B - FILTRACION | H2: LIB. NOTP DOCU IMOP MACO MOVM PREC PROG | I2: PL | J2: Correctivo Planificado | K2: 025 | L2: 17.2026 | M2: MANT & PLANIF CENTRAL TERMICA SULFUROS | N2: CGSTMRMM | O2: 1
A3: Pl.Termoelec.Chuq. | B3: C81 | C3: 08 INFR SERVIC Y SUMIN DCH | D3: 03 PLANTAS DE SUMINISTROS DCH | E3: CHSS-SU | F3: 109500289 | G3: CAMBIO BBA 3C - FILTRACION | H3: LIB. NOTP DOCU IMOP MACO MOVM PREC PROG | I3: PL | J3: Correctivo Planificado | K3: 025 | L3: 17.2026 | M3: MANT & PLANIF CENTRAL TERMICA SULFUROS | N3: CGSTMRMM | O3: 1
A4: Pl.Termoelec.Chuq. | B4: C81 | C4: 08 INFR SERVIC Y SUMIN DCH | D4: 03 PLANTAS DE SUMINISTROS DCH | E4: CHSS-SU | F4: 109501785 | G4: CAMBIO BBA 1B - FILTRACION SELLOS | H4: LIB. NOTP DOCU IMOP MACO PREC PROG TRAT | I4: PL | J4: Correctivo Planificado | K4: 025 | L4: 16.2026 | M4: MANT & PLANIF CENTRAL TERMICA SULFUROS | N4: CGSTMRMM | O4: 1
A5: Pl.Termoelec.Chuq. | B5: C81 | C5: 08 INFR SERVIC Y SUMIN DCH | D5: 03 PLANTAS DE SUMINISTROS DCH | E5: CHSS-SU | F5: 109654371 | G5: FUCO26 Cambio Tubo nivel Des Caldera 3 | H5: LIB. NOTI IMOP JBFI MACO MOVM PREC PROG | I5: PL | J5: Correctivo Planificado | K5: 025 | L5: 17.2026 | M5: MANT & PLANIF CENTRAL TERMICA SULFUROS | N5: CGSTMRMM | O5: 1
A6: Pl.Termoelec.Chuq. | B6: C81 | C6: 08 INFR SERVIC Y SUMIN DCH | D6: 03 PLANTAS DE SUMINISTROS DCH | E6: CHSS-SU | F6: 110011685 | G6: CTR FILTROS DE CARTUCHOS SATURADOS-MALOS | H6: LIB. IMOP MACO MOVM PREC PROG TRAT | I6: PL | J6: Correctivo Planificado | K6: 025 | L6: 11.2026 | M6: MANT & PLANIF CENTRAL TERMICA SULFUROS | N6: CGSTMRMM | O6: 1
A7: Pl.Tall.Electr.Cen | B7: C84 | C7: 08 INFR SERVIC Y SUMIN DCH | D7: 01 INFRAESTRUC CONC DCH | E7: # | F7: 110454096 | G7: 22-5523 200HP 4160V 290RPM FLA | H7: LIB. IMOP KKMP MOVM PREC TRAT | I7: ST | J7: Reparación | K7: 060 | L7: 17.2026 | M7: MANT & PLANIF. TALLER ELECTRICO CENTRAL | N7: CGSSERTE | O7: 1
A8: Pl.Maestranza.Cent | B8: C71 | C8: 08 INFR SERVIC Y SUMIN DCH | D8: 01 INFRAESTRUC CONC DCH | E8: # | F8: 110150639 | G8: Rectificar placa base piñón BM | H8: LIB. IMOP KKMP PREC TRAT | I8: ST | J8: Reparación | K8: 060 | L8: 17.2026 | M8: SERVICIO INTERNO MAESTRANZA | N8: CGSSTM02 | O8: 1
A9: Pl.Maestranza.Cent | B9: C71 | C9: 08 INFR SERVIC Y SUMIN DCH | D9: 01 INFRAESTRUC CONC DCH | E9: # | F9: 110304391 | G9: perforar pillow block piñón mobos 18 | H9: LIB. IMOP KKMP PREC TRAT | I9: ST | J9: Modificación | K9: 050 | L9: 17.2026 | M9: SERVICIO INTERNO MAESTRANZA | N9: CGSSTM02 | O9: 1
A10: Pl.Maestranza.Cent | B10: C71 | C10: 08 INFR SERVIC Y SUMIN DCH | D10: 01 INFRAESTRUC CONC DCH | E10: # | F10: 110304394 | G10: rebajar base pillow block piñón sag-18 | H10: LIB. IMOP KKMP PREC TRAT | I10: ST | J10: Modificación | K10: 050 | L10: 17.2026 | M10: SERVICIO INTERNO MAESTRANZA | N10: CGSSTM02 | O10: 1
A11: Pl.Maestranza.Cent | B11: C71 | C11: 08 INFR SERVIC Y SUMIN DCH | D11: 01 INFRAESTRUC CONC DCH | E11: # | F11: 110304610 | G11: mecanizar acoplamiento reductor feeder | H11: LIB. IMOP KKMP PREC TRAT | I11: ST | J11: Reparación | K11: 060 | L11: 17.2026 | M11: SERVICIO INTERNO MAESTRANZA | N11: CGSSTM02 | O11: 1
A12: Pl.Maestranza.Cent | B12: C71 | C12: 08 INFR SERVIC Y SUMIN DCH | D12: 01 INFRAESTRUC CONC DCH | E12: # | F12: 110304611 | G12: ensamblado de rueda tripeer | H12: LIB. IMOP KKMP PREC TRAT | I12: ST | J12: Reparación | K12: 060 | L12: 17.2026 | M12: SERVICIO INTERNO MAESTRANZA | N12: CGSSTM02 | O12: 1
A13: Pl.Maestranza.Cent | B13: C71 | C13: 08 INFR SERVIC Y SUMIN DCH | D13: 99 ESENCIALES INFRA. SERV. DCH | E13: 02 GRUAS INFRA DCH | F13: 110379900 | G13: MRT 4S MEC MTTO PUENTE GRUA | H13: LIB. NOTI IMOP JBFI KKMP PREC PROG TBTR | I13: PL | J13: Preventivo Sistemático | K13: 010 | L13: 18.2026 | M13: SERVICIO INTERNO MAESTRANZA | N13: CGSSTM02 | O13: 1
... A30: Pl.Calderería.Cent | B30: C72 | C30: 08 INFR SERVIC Y SUMIN DCH | D30: 01 INFRAESTRUC CONC DCH | E30: # | F30: 110387265 | G30: CAMBIO CORAZA POSTE SH N°10104410 | H30: LIB. NOTP IMOP KKMP PREC PROG TRAT | I30: ST | J30: Reparación | K30: 060 | L30: 17.2026 | M30: SERVICIO INTERNO CALDERERIA | N30: CGSSTM03 | O30: 1
A31: Resultado total | O31: 29

Sheet % Trabajo Planificado
A1: Año natural/Semana | B1: Fase | C1: Proceso | D1: SubProceso | E1: Puesto de trabajo | F1: Psto. Trabaj | G1: Clase actividad PM | H1: Actividad PM | I1: Gr. planif | J1: Gr. planif.PM | K1: Orden mantenimiento | L1: Txt. Breve | M1: Status de Sistema | N1: Clase de orden | O1: Horizonte | P1: Fecha Libera Orden | Q1: Fecha inicio real | R1: Grupo hojas de ruta | S1: % Planificado (HH) | T1: HH Plan. Reales | U1: HH Totales Reales | V1: Criterio
A2: 20.2026 | B2: 08 INFR SERVIC Y SUMIN DCH | C2: 01 INFRAESTRUC CONC DCH | D2: # | E2: MANT & PLANIF ELEC CONC MOLIENDA A2 A3 | F2: CCOAXRME | G2: 030 | H2: Emergencia | I2: =VLOOKUP(Tbl_PctTrabajoPlanificado[[#This Row],[Orden mantenimiento]],Data!$E$2:$G$101,2,FALSE) -> CO2 | J2: {=_xlfn.IFS(I2="C81","Pl.Termoelec.Chuq.",I2="C82","Pl.Dist.Energ.Elec",I2="C89","Pl.Mant.Ind.Electr",I2="CO0","Concentradora A0",I2="CO1","Concentradora A1",I2="CO2","Concentradora A2",I2="CB1","SAE Centralizado",I2="C71","Pl.Maestranza.Cent",I2="C72","Pl.Calderería.Cent",I2="C74","CONTRATOS METALMEC",I2="C40","Planif. Refinería",I2="SAPCI","SAPCI",TRUE,"Código no encontrado")} -> Concentradora A2 | K2: 110527601 | L2: REPARACION CTO ENCHUFES GCON | M2: NOTI JBFI LIB. NLIQ PWF RESA | N2: NP | O2: =Tbl_PctTrabajoPlanificado[[#This Row],[Fecha inicio real]]-Tbl_PctTrabajoPlanificado[[#This Row],[Fecha Libera Orden]] -> 0 | P2: 46157 | Q2: 46157 | R2: # | U2: 70 | V2: Imprevistos
A3: 20.2026 | B3: 08 INFR SERVIC Y SUMIN DCH | C3: 02 SUMINISTRO ELECTRICO DCH | D3: CDEE | E3: MANT & PLANIF SUMINISTRO ELECTRICO | F3: CGSSERME | G3: 010 | H3: Preventivo Sistemático | I3: =VLOOKUP(Tbl_PctTrabajoPlanificado[[#This Row],[Orden mantenimiento]],Data!$E$2:$G$101,2,FALSE) -> C82 | J3: {=_xlfn.IFS(I3="C81","Pl.Termoelec.Chuq.",I3="C82","Pl.Dist.Energ.Elec",I3="C89","Pl.Mant.Ind.Electr",I3="CO0","Concentradora A0",I3="CO1","Concentradora A1",I3="CO2","Concentradora A2",I3="CB1","SAE Centralizado",I3="C71","Pl.Maestranza.Cent",I3="C72","Pl.Calderería.Cent",I3="C74","CONTRATOS METALMEC",I3="C40","Planif. Refinería",I3="SAPCI","SAPCI",TRUE,"Código no encontrado")} -> Pl.Dist.Energ.Elec | K3: 109124261 | L3: LAVADO DE AISLADORES LINEA 12 | M3: NOTI CTEC JBFI NLIQ PWF RESA PLAN | N3: PL | O3: =Tbl_PctTrabajoPlanificado[[#This Row],[Fecha inicio real]]-Tbl_PctTrabajoPlanificado[[#This Row],[Fecha Libera Orden]] -> 8 | P3: 46147 | Q3: 46155 | R3: 97142 | S3: 100 | T3: 22 | U3: 22 | V3: Planificado
A4: 20.2026 | B4: 08 INFR SERVIC Y SUMIN DCH | C4: 02 SUMINISTRO ELECTRICO DCH | D4: CDEE | E4: MANT & PLANIF SUMINISTRO ELECTRICO | F4: CGSSERME | G4: 010 | H4: Preventivo Sistemático | I4: =VLOOKUP(Tbl_PctTrabajoPlanificado[[#This Row],[Orden mantenimiento]],Data!$E$2:$G$101,2,FALSE) -> C82 | J4: {=_xlfn.IFS(I4="C81","Pl.Termoelec.Chuq.",I4="C82","Pl.Dist.Energ.Elec",I4="C89","Pl.Mant.Ind.Electr",I4="CO0","Concentradora A0",I4="CO1","Concentradora A1",I4="CO2","Concentradora A2",I4="CB1","SAE Centralizado",I4="C71","Pl.Maestranza.Cent",I4="C72","Pl.Calderería.Cent",I4="C74","CONTRATOS METALMEC",I4="C40","Planif. Refinería",I4="SAPCI","SAPCI",TRUE,"Código no encontrado")} -> Pl.Dist.Energ.Elec | K4: 109124261 | L4: LAVADO DE AISLADORES LINEA 12 | M4: NOTI CTEC JBFI NLIQ PWF RESA PLAN | N4: PL | O4: =Tbl_PctTrabajoPlanificado[[#This Row],[Fecha inicio real]]-Tbl_PctTrabajoPlanificado[[#This Row],[Fecha Libera Orden]] -> 9 | P4: 46147 | Q4: 46156 | R4: 97142 | S4: 100 | T4: 22 | U4: 22 | V4: Planificado
A5: 20.2026 | B5: 08 INFR SERVIC Y SUMIN DCH | C5: 02 SUMINISTRO ELECTRICO DCH | D5: CDEE | E5: MANT & PLANIF SUMINISTRO ELECTRICO | F5: CGSSERME | G5: 010 | H5: Preventivo Sistemático | I5: =VLOOKUP(Tbl_PctTrabajoPlanificado[[#This Row],[Orden mantenimiento]],Data!$E$2:$G$101,2,FALSE) -> C82 | J5: {=_xlfn.IFS(I5="C81","Pl.Termoelec.Chuq.",I5="C82","Pl.Dist.Energ.Elec",I5="C89","Pl.Mant.Ind.Electr",I5="CO0","Concentradora A0",I5="CO1","Concentradora A1",I5="CO2","Concentradora A2",I5="CB1","SAE Centralizado",I5="C71","Pl.Maestranza.Cent",I5="C72","Pl.Calderería.Cent",I5="C74","CONTRATOS METALMEC",I5="C40","Planif. Refinería",I5="SAPCI","SAPCI",TRUE,"Código no encontrado")} -> Pl.Dist.Energ.Elec | K5: 109124261 | L5: LAVADO DE AISLADORES LINEA 12 | M5: NOTI CTEC JBFI NLIQ PWF RESA PLAN | N5: PL | O5: =Tbl_PctTrabajoPlanificado[[#This Row],[Fecha inicio real]]-Tbl_PctTrabajoPlanificado[[#This Row],[Fecha Libera Orden]] -> 10 | P5: 46147 | Q5: 46157 | R5: 97142 | S5: 100 | T5: 20 | U5: 20 | V5: Planificado
A6: 20.2026 | B6: 08 INFR SERVIC Y SUMIN DCH | C6: 02 SUMINISTRO ELECTRICO DCH | D6: CDEE | E6: MANT & PLANIF SUMINISTRO ELECTRICO | F6: CGSSERME | G6: 010 | H6: Preventivo Sistemático | I6: =VLOOKUP(Tbl_PctTrabajoPlanificado[[#This Row],[Orden mantenimiento]],Data!$E$2:$G$101,2,FALSE) -> C82 | J6: {=_xlfn.IFS(I6="C81","Pl.Termoelec.Chuq.",I6="C82","Pl.Dist.Energ.Elec",I6="C89","Pl.Mant.Ind.Electr",I6="CO0","Concentradora A0",I6="CO1","Concentradora A1",I6="CO2","Concentradora A2",I6="CB1","SAE Centralizado",I6="C71","Pl.Maestranza.Cent",I6="C72","Pl.Calderería.Cent",I6="C74","CONTRATOS METALMEC",I6="C40","Planif. Refinería",I6="SAPCI","SAPCI",TRUE,"Código no encontrado")} -> Pl.Dist.Energ.Elec | K6: 110443469 | L6: INSPECCION MT CHANCADO PRIMARIO PTMP | M6: NOTI CTEC JBFI NLIQ PWF RESA PLAN | N6: PL | O6: =Tbl_PctTrabajoPlanificado[[#This Row],[Fecha inicio real]]-Tbl_PctTrabajoPlanificado[[#This Row],[Fecha Libera Orden]] -> 11 | P6: 46146 | Q6: 46157 | R6: 10371 | S6: 100 | T6: 44 | U6: 44 | V6: Planificado
A7: 20.2026 | B7: 08 INFR SERVIC Y SUMIN DCH | C7: 02 SUMINISTRO ELECTRICO DCH | D7: CDEE | E7: MANT & PLANIF SUMINISTRO ELECTRICO | F7: CGSSERME | G7: 020 | H7: Preventivo Predictivo | I7: =VLOOKUP(Tbl_PctTrabajoPlanificado[[#This Row],[Orden mantenimiento]],Data!$E$2:$G$101,2,FALSE) -> C82 | J7: {=_xlfn.IFS(I7="C81","Pl.Termoelec.Chuq.",I7="C82","Pl.Dist.Energ.Elec",I7="C89","Pl.Mant.Ind.Electr",I7="CO0","Concentradora A0",I7="CO1","Concentradora A1",I7="CO2","Concentradora A2",I7="CB1","SAE Centralizado",I7="C71","Pl.Maestranza.Cent",I7="C72","Pl.Calderería.Cent",I7="C74","CONTRATOS METALMEC",I7="C40","Planif. Refinería",I7="SAPCI","SAPCI",TRUE,"Código no encontrado")} -> Pl.Dist.Energ.Elec | K7: 110330383 | L7: Insp. 4M S/E Dist. 13.8 kV Refinería | M7: NOTI CTEC JBFI NLIQ PWF RESA PLAN | N7: PL | O7: =Tbl_PctTrabajoPlanificado[[#This Row],[Fecha inicio real]]-Tbl_PctTrabajoPlanificado[[#This Row],[Fecha Libera Orden]] -> 14 | P7: 46139 | Q7: 46153 | R7: 35977 | S7: 100 | T7: 44 | U7: 44 | V7: Planificado
A8: 20.2026 | B8: 08 INFR SERVIC Y SUMIN DCH | C8: 02 SUMINISTRO ELECTRICO DCH | D8: CDEE | E8: MANT & PLANIF SUMINISTRO ELECTRICO | F8: CGSSERME | G8: 020 | H8: Preventivo Predictivo | I8: =VLOOKUP(Tbl_PctTrabajoPlanificado[[#This Row],[Orden mantenimiento]],Data!$E$2:$G$101,2,FALSE) -> C82 | J8: {=_xlfn.IFS(I8="C81","Pl.Termoelec.Chuq.",I8="C82","Pl.Dist.Energ.Elec",I8="C89","Pl.Mant.Ind.Electr",I8="CO0","Concentradora A0",I8="CO1","Concentradora A1",I8="CO2","Concentradora A2",I8="CB1","SAE Centralizado",I8="C71","Pl.Maestranza.Cent",I8="C72","Pl.Calderería.Cent",I8="C74","CONTRATOS METALMEC",I8="C40","Planif. Refinería",I8="SAPCI","SAPCI",TRUE,"Código no encontrado")} -> Pl.Dist.Energ.Elec | K8: 110459257 | L8: Insp. 4M S/E Dist. 13.8 kV Fundición | M8: NOTI CTEC JBFI NLIQ PWF PLAN | N8: PL | O8: =Tbl_PctTrabajoPlanificado[[#This Row],[Fecha inicio real]]-Tbl_PctTrabajoPlanificado[[#This Row],[Fecha Libera Orden]] -> 15 | P8: 46139 | Q8: 46154 | R8: 35977 | S8: 100 | T8: 44 | U8: 44 | V8: Planificado
A9: 20.2026 | B9: 08 INFR SERVIC Y SUMIN DCH | C9: 02 SUMINISTRO ELECTRICO DCH | D9: CDEE | E9: MANT & PLANIF SUMINISTRO ELECTRICO | F9: CGSSERME | G9: 025 | H9: Correctivo Planificado | I9: =VLOOKUP(Tbl_PctTrabajoPlanificado[[#This Row],[Orden mantenimiento]],Data!$E$2:$G$101,2,FALSE) -> C82 | J9: {=_xlfn.IFS(I9="C81","Pl.Termoelec.Chuq.",I9="C82","Pl.Dist.Energ.Elec",I9="C89","Pl.Mant.Ind.Electr",I9="CO0","Concentradora A0",I9="CO1","Concentradora A1",I9="CO2","Concentradora A2",I9="CB1","SAE Centralizado",I9="C71","Pl.Maestranza.Cent",I9="C72","Pl.Calderería.Cent",I9="C74","CONTRATOS METALMEC",I9="C40","Planif. Refinería",I9="SAPCI","SAPCI",TRUE,"Código no encontrado")} -> Pl.Dist.Energ.Elec | K9: 110377744 | L9: Revis. y repar. Comp aire 52HT18 S/E A | M9: NOTI CTEC JBFI NLIQ PWF RESA PLAN | N9: PL | O9: =Tbl_PctTrabajoPlanificado[[#This Row],[Fecha inicio real]]-Tbl_PctTrabajoPlanificado[[#This Row],[Fecha Libera Orden]] -> 10 | P9: 46148 | Q9: 46158 | R9: 26780 | S9: 100 | T9: 44 | U9: 44 | V9: Planificado
A10: 20.2026 | B10: 08 INFR SERVIC Y SUMIN DCH | C10: 02 SUMINISTRO ELECTRICO DCH | D10: CDEE | E10: MANT & PLANIF SUMINISTRO ELECTRICO | F10: CGSSERME | G10: 025 | H10: Correctivo Planificado | I10: =VLOOKUP(Tbl_PctTrabajoPlanificado[[#This Row],[Orden mantenimiento]],Data!$E$2:$G$101,2,FALSE) -> C82 | J10: {=_xlfn.IFS(I10="C81","Pl.Termoelec.Chuq.",I10="C82","Pl.Dist.Energ.Elec",I10="C89","Pl.Mant.Ind.Electr",I10="CO0","Concentradora A0",I10="CO1","Concentradora A1",I10="CO2","Concentradora A2",I10="CB1","SAE Centralizado",I10="C71","Pl.Maestranza.Cent",I10="C72","Pl.Calderería.Cent",I10="C74","CONTRATOS METALMEC",I10="C40","Planif. Refinería",I10="SAPCI","SAPCI",TRUE,"Código no encontrado")} -> Pl.Dist.Energ.Elec | K10: 110474160 | L10: EJE. CAMBIO RASA CELDA K13 S/E 10A | M10: NOTI CTEC JBFI NLIQ PWF RESA PLAN | N10: PL | O10: =Tbl_PctTrabajoPlanificado[[#This Row],[Fecha inicio real]]-Tbl_PctTrabajoPlanificado[[#This Row],[Fecha Libera Orden]] -> 8 | P10: 46148 | Q10: 46156 | R10: 56673 | S10: 100 | T10: 101 | U10: 101 | V10: Planificado
A11: 20.2026 | B11: 08 INFR SERVIC Y SUMIN DCH | C11: 02 SUMINISTRO ELECTRICO DCH | D11: CDEE | E11: MANT & PLANIF SUMINISTRO ELECTRICO | F11: CGSSERME | G11: 025 | H11: Correctivo Planificado | I11: =VLOOKUP(Tbl_PctTrabajoPlanificado[[#This Row],[Orden mantenimiento]],Data!$E$2:$G$101,2,FALSE) -> C82 | J11: {=_xlfn.IFS(I11="C81","Pl.Termoelec.Chuq.",I11="C82","Pl.Dist.Energ.Elec",I11="C89","Pl.Mant.Ind.Electr",I11="CO0","Concentradora A0",I11="CO1","Concentradora A1",I11="CO2","Concentradora A2",I11="CB1","SAE Centralizado",I11="C71","Pl.Maestranza.Cent",I11="C72","Pl.Calderería.Cent",I11="C74","CONTRATOS METALMEC",I11="C40","Planif. Refinería",I11="SAPCI","SAPCI",TRUE,"Código no encontrado")} -> Pl.Dist.Energ.Elec | K11: 110496644 | L11: STN MTTO SIST RESPALDO S/E PRINCIPAL CAL | M11: NOTI CTEC JBFI NLIQ PWF RESA PLAN | N11: PL | O11: =Tbl_PctTrabajoPlanificado[[#This Row],[Fecha inicio real]]-Tbl_PctTrabajoPlanificado[[#This Row],[Fecha Libera Orden]] -> 9 | P11: 46147 | Q11: 46156 | R11: 98949 | S11: 100 | T11: 15 | U11: 15 | V11: Planificado
A12: 20.2026 | B12: 08 INFR SERVIC Y SUMIN DCH | C12: 02 SUMINISTRO ELECTRICO DCH | D12: CDEE | E12: MANT & PLANIF SUMINISTRO ELECTRICO | F12: CGSSERME | G12: 030 | H12: Emergencia | I12: =VLOOKUP(Tbl_PctTrabajoPlanificado[[#This Row],[Orden mantenimiento]],Data!$E$2:$G$101,2,FALSE) -> C82 | J12: {=_xlfn.IFS(I12="C81","Pl.Termoelec.Chuq.",I12="C82","Pl.Dist.Energ.Elec",I12="C89","Pl.Mant.Ind.Electr",I12="CO0","Concentradora A0",I12="CO1","Concentradora A1",I12="CO2","Concentradora A2",I12="CB1","SAE Centralizado",I12="C71","Pl.Maestranza.Cent",I12="C72","Pl.Calderería.Cent",I12="C74","CONTRATOS METALMEC",I12="C40","Planif. Refinería",I12="SAPCI","SAPCI",TRUE,"Código no encontrado")} -> Pl.Dist.Energ.Elec | K12: 110518476 | L12: Med. Desc. parciales Enlace T7-123 SE 10 | M12: NOTI CTEC JBFI NLIQ PWF RESA | N12: NP | O12: =Tbl_PctTrabajoPlanificado[[#This Row],[Fecha inicio real]]-Tbl_PctTrabajoPlanificado[[#This Row],[Fecha Libera Orden]] -> 0 | P12: 46154 | Q12: 46154 | R12: # | U12: 4 | V12: Imprevistos
A13: 20.2026 | B13: 08 INFR SERVIC Y SUMIN DCH | C13: 02 SUMINISTRO ELECTRICO DCH | D13: CHSS-SE | E13: MANT & PLANIF SUMINISTRO ELECTRICO | F13: CGSSERME | G13: 010 | H13: Preventivo Sistemático | I13: =VLOOKUP(Tbl_PctTrabajoPlanificado[[#This Row],[Orden mantenimiento]],Data!$E$2:$G$101,2,FALSE) -> C82 | J13: {=_xlfn.IFS(I13="C81","Pl.Termoelec.Chuq.",I13="C82","Pl.Dist.Energ.Elec",I13="C89","Pl.Mant.Ind.Electr",I13="CO0","Concentradora A0",I13="CO1","Concentradora A1",I13="CO2","Concentradora A2",I13="CB1","SAE Centralizado",I13="C71","Pl.Maestranza.Cent",I13="C72","Pl.Calderería.Cent",I13="C74","CONTRATOS METALMEC",I13="C40","Planif. Refinería",I13="SAPCI","SAPCI",TRUE,"Código no encontrado")} -> Pl.Dist.Energ.Elec | K13: 110439645 | L13: Inspección 2M S/E Sopladores | M13: NOTI CTEC JBFI NLIQ PWF RESA PLAN | N13: PL | O13: =Tbl_PctTrabajoPlanificado[[#This Row],[Fecha inicio real]]-Tbl_PctTrabajoPlanificado[[#This Row],[Fecha Libera Orden]] -> 18 | P13: 46139 | Q13: 46157 | R13: 56856 | S13: 100 | T13: 24 | U13: 24 | V13: Planificado
A14: 20.2026 | B14: 08 INFR SERVIC Y SUMIN DCH | C14: 02 SUMINISTRO ELECTRICO DCH | D14: CHSS-SE | E14: MANT & PLANIF SUMINISTRO ELECTRICO | F14: CGSSERME | G14: 010 | H14: Preventivo Sistemático | I14: =VLOOKUP(Tbl_PctTrabajoPlanificado[[#This Row],[Orden mantenimiento]],Data!$E$2:$G$101,2,FALSE) -> C82 | J14: {=_xlfn.IFS(I14="C81","Pl.Termoelec.Chuq.",I14="C82","Pl.Dist.Energ.Elec",I14="C89","Pl.Mant.Ind.Electr",I14="CO0","Concentradora A0",I14="CO1","Concentradora A1",I14="CO2","Concentradora A2",I14="CB1","SAE Centralizado",I14="C71","Pl.Maestranza.Cent",I14="C72","Pl.Calderería.Cent",I14="C74","CONTRATOS METALMEC",I14="C40","Planif. Refinería",I14="SAPCI","SAPCI",TRUE,"Código no encontrado")} -> Pl.Dist.Energ.Elec | K14: 110439646 | L14: Inspección 2M S/E K-1 | M14: NOTI CTEC JBFI NLIQ PWF RESA PLAN | N14: PL | O14: =Tbl_PctTrabajoPlanificado[[#This Row],[Fecha inicio real]]-Tbl_PctTrabajoPlanificado[[#This Row],[Fecha Libera Orden]] -> 19 | P14: 46139 | Q14: 46158 | R14: 56856 | S14: 100 | T14: 24 | U14: 24 | V14: Planificado
A15: 20.2026 | B15: 08 INFR SERVIC Y SUMIN DCH | C15: 02 SUMINISTRO ELECTRICO DCH | D15: CHSS-SE | E15: MANT & PLANIF SUMINISTRO ELECTRICO | F15: CGSSERME | G15: 010 | H15: Preventivo Sistemático | I15: =VLOOKUP(Tbl_PctTrabajoPlanificado[[#This Row],[Orden mantenimiento]],Data!$E$2:$G$101,2,FALSE) -> C82 | J15: {=_xlfn.IFS(I15="C81","Pl.Termoelec.Chuq.",I15="C82","Pl.Dist.Energ.Elec",I15="C89","Pl.Mant.Ind.Electr",I15="CO0","Concentradora A0",I15="CO1","Concentradora A1",I15="CO2","Concentradora A2",I15="CB1","SAE Centralizado",I15="C71","Pl.Maestranza.Cent",I15="C72","Pl.Calderería.Cent",I15="C74","CONTRATOS METALMEC",I15="C40","Planif. Refinería",I15="SAPCI","SAPCI",TRUE,"Código no encontrado")} -> Pl.Dist.Energ.Elec | K15: 110439647 | L15: Termografía 2M S/E Sopladores | M15: NOTI CTEC JBFI NLIQ PWF RESA PLAN | N15: PL | O15: =Tbl_PctTrabajoPlanificado[[#This Row],[Fecha inicio real]]-Tbl_PctTrabajoPlanificado[[#This Row],[Fecha Libera Orden]] -> 18 | P15: 46139 | Q15: 46157 | R15: 25012 | S15: 100 | T15: 6 | U15: 6 | V15: Planificado
A16: 20.2026 | B16: 08 INFR SERVIC Y SUMIN DCH | C16: 02 SUMINISTRO ELECTRICO DCH | D16: CHSS-SE | E16: MANT & PLANIF SUMINISTRO ELECTRICO | F16: CGSSERME | G16: 010 | H16: Preventivo Sistemático | I16: =VLOOKUP(Tbl_PctTrabajoPlanificado[[#This Row],[Orden mantenimiento]],Data!$E$2:$G$101,2,FALSE) -> C82 | J16: {=_xlfn.IFS(I16="C81","Pl.Termoelec.Chuq.",I16="C82","Pl.Dist.Energ.Elec",I16="C89","Pl.Mant.Ind.Electr",I16="CO0","Concentradora A0",I16="CO1","Concentradora A1",I16="CO2","Concentradora A2",I16="CB1","SAE Centralizado",I16="C71","Pl.Maestranza.Cent",I16="C72","Pl.Calderería.Cent",I16="C74","CONTRATOS METALMEC",I16="C40","Planif. Refinería",I16="SAPCI","SAPCI",TRUE,"Código no encontrado")} -> Pl.Dist.Energ.Elec | K16: 110439648 | L16: Termografía 2M S/E K-1 | M16: NOTI CTEC JBFI NLIQ PWF RESA PLAN | N16: PL | O16: =Tbl_PctTrabajoPlanificado[[#This Row],[Fecha inicio real]]-Tbl_PctTrabajoPlanificado[[#This Row],[Fecha Libera Orden]] -> 19 | P16: 46139 | Q16: 46158 | R16: 25012 | S16: 100 | T16: 6 | U16: 6 | V16: Planificado
A17: 20.2026 | B17: 08 INFR SERVIC Y SUMIN DCH | C17: 02 SUMINISTRO ELECTRICO DCH | D17: CHSS-SE | E17: MANT & PLANIF SUMINISTRO ELECTRICO | F17: CGSSERME | G17: 020 | H17: Preventivo Predictivo | I17: =VLOOKUP(Tbl_PctTrabajoPlanificado[[#This Row],[Orden mantenimiento]],Data!$E$2:$G$101,2,FALSE) -> C82 | J17: {=_xlfn.IFS(I17="C81","Pl.Termoelec.Chuq.",I17="C82","Pl.Dist.Energ.Elec",I17="C89","Pl.Mant.Ind.Electr",I17="CO0","Concentradora A0",I17="CO1","Concentradora A1",I17="CO2","Concentradora A2",I17="CB1","SAE Centralizado",I17="C71","Pl.Maestranza.Cent",I17="C72","Pl.Calderería.Cent",I17="C74","CONTRATOS METALMEC",I17="C40","Planif. Refinería",I17="SAPCI","SAPCI",TRUE,"Código no encontrado")} -> Pl.Dist.Energ.Elec | K17: 110427496 | L17: MED.DESCARGAS PARCIALES S/E TCHITACk TR2 | M17: NOTI CTEC JBFI NLIQ PWF RESA PLAN | N17: PL | O17: =Tbl_PctTrabajoPlanificado[[#This Row],[Fecha inicio real]]-Tbl_PctTrabajoPlanificado[[#This Row],[Fecha Libera Orden]] -> 13 | P17: 46146 | Q17: 46159 | R17: 18845 | S17: 100 | T17: 4 | U17: 4 | V17: Planificado
A18: 20.2026 | B18: 08 INFR SERVIC Y SUMIN DCH | C18: 02 SUMINISTRO ELECTRICO DCH | D18: CHSS-SE | E18: MANT & PLANIF SUMINISTRO ELECTRICO | F18: CGSSERME | G18: 020 | H18: Preventivo Predictivo | I18: =VLOOKUP(Tbl_PctTrabajoPlanificado[[#This Row],[Orden mantenimiento]],Data!$E$2:$G$101,2,FALSE) -> C82 | J18: {=_xlfn.IFS(I18="C81","Pl.Termoelec.Chuq.",I18="C82","Pl.Dist.Energ.Elec",I18="C89","Pl.Mant.Ind.Electr",I18="CO0","Concentradora A0",I18="CO1","Concentradora A1",I18="CO2","Concentradora A2",I18="CB1","SAE Centralizado",I18="C71","Pl.Maestranza.Cent",I18="C72","Pl.Calderería.Cent",I18="C74","CONTRATOS METALMEC",I18="C40","Planif. Refinería",I18="SAPCI","SAPCI",TRUE,"Código no encontrado")} -> Pl.Dist.Energ.Elec | K18: 110443695 | L18: MEDICIÓN DESCARGAS PARCIALES ATR2 | M18: NOTI CTEC JBFI NLIQ PWF RESA PLAN | N18: PL | O18: =Tbl_PctTrabajoPlanificado[[#This Row],[Fecha inicio real]]-Tbl_PctTrabajoPlanificado[[#This Row],[Fecha Libera Orden]] -> 13 | P18: 46146 | Q18: 46159 | R18: 18845 | S18: 100 | T18: 9 | U18: 9 | V18: Planificado
A19: 20.2026 | B19: 08 INFR SERVIC Y SUMIN DCH | C19: 02 SUMINISTRO ELECTRICO DCH | D19: CHSS-SE | E19: MANT & PLANIF SUMINISTRO ELECTRICO | F19: CGSSERME | G19: 020 | H19: Preventivo Predictivo | I19: =VLOOKUP(Tbl_PctTrabajoPlanificado[[#This Row],[Orden mantenimiento]],Data!$E$2:$G$101,2,FALSE) -> C82 | J19: {=_xlfn.IFS(I19="C81","Pl.Termoelec.Chuq.",I19="C82","Pl.Dist.Energ.Elec",I19="C89","Pl.Mant.Ind.Electr",I19="CO0","Concentradora A0",I19="CO1","Concentradora A1",I19="CO2","Concentradora A2",I19="CB1","SAE Centralizado",I19="C71","Pl.Maestranza.Cent",I19="C72","Pl.Calderería.Cent",I19="C74","CONTRATOS METALMEC",I19="C40","Planif. Refinería",I19="SAPCI","SAPCI",TRUE,"Código no encontrado")} -> Pl.Dist.Energ.Elec | K19: 110473175 | L19: TOMA MUESTRA ACEITE S/E CHUQUICAMAT ATR1 | M19: NOTI CTEC JBFI NLIQ PWF RESA PLAN | N19: PL | O19: =Tbl_PctTrabajoPlanificado[[#This Row],[Fecha inicio real]]-Tbl_PctTrabajoPlanificado[[#This Row],[Fecha Libera Orden]] -> 19 | P19: 46140 | Q19: 46159 | R19: 98013 | S19: 100 | T19: 4 | U19: 4 | V19: Planificado
A20: 20.2026 | B20: 08 INFR SERVIC Y SUMIN DCH | C20: 02 SUMINISTRO ELECTRICO DCH | D20: CHSS-SE | E20: MANT & PLANIF SUMINISTRO ELECTRICO | F20: CGSSERME | G20: 020 | H20: Preventivo Predictivo | I20: =VLOOKUP(Tbl_PctTrabajoPlanificado[[#This Row],[Orden mantenimiento]],Data!$E$2:$G$101,2,FALSE) -> C82 | J20: {=_xlfn.IFS(I20="C81","Pl.Termoelec.Chuq.",I20="C82","Pl.Dist.Energ.Elec",I20="C89","Pl.Mant.Ind.Electr",I20="CO0","Concentradora A0",I20="CO1","Concentradora A1",I20="CO2","Concentradora A2",I20="CB1","SAE Centralizado",I20="C71","Pl.Maestranza.Cent",I20="C72","Pl.Calderería.Cent",I20="C74","CONTRATOS METALMEC",I20="C40","Planif. Refinería",I20="SAPCI","SAPCI",TRUE,"Código no encontrado")} -> Pl.Dist.Energ.Elec | K20: 110486153 | L20: TOMA MUESTRA ACEITE S/E TCHITACK TR2 | M20: NOTI CTEC JBFI NLIQ PWF RESA PLAN | N20: PL | O20: =Tbl_PctTrabajoPlanificado[[#This Row],[Fecha inicio real]]-Tbl_PctTrabajoPlanificado[[#This Row],[Fecha Libera Orden]] -> 13 | P20: 46146 | Q20: 46159 | R20: 98013 | S20: 100 | T20: 4 | U20: 4 | V20: Planificado
A21: 20.2026 | B21: 08 INFR SERVIC Y SUMIN DCH | C21: 02 SUMINISTRO ELECTRICO DCH | D21: CHSS-SE | E21: MANT & PLANIF SUMINISTRO ELECTRICO | F21: CGSSERME | G21: 020 | H21: Preventivo Predictivo | I21: =VLOOKUP(Tbl_PctTrabajoPlanificado[[#This Row],[Orden mantenimiento]],Data!$E$2:$G$101,2,FALSE) -> C82 | J21: {=_xlfn.IFS(I21="C81","Pl.Termoelec.Chuq.",I21="C82","Pl.Dist.Energ.Elec",I21="C89","Pl.Mant.Ind.Electr",I21="CO0","Concentradora A0",I21="CO1","Concentradora A1",I21="CO2","Concentradora A2",I21="CB1","SAE Centralizado",I21="C71","Pl.Maestranza.Cent",I21="C72","Pl.Calderería.Cent",I21="C74","CONTRATOS METALMEC",I21="C40","Planif. Refinería",I21="SAPCI","SAPCI",TRUE,"Código no encontrado")} -> Pl.Dist.Energ.Elec | K21: 110494994 | L21: TOMA MUESTRA ACEITE S/E TCHITACK TR1 | M21: NOTI CTEC JBFI NLIQ PWF RESA PLAN | N21: PL | O21: =Tbl_PctTrabajoPlanificado[[#This Row],[Fecha inicio real]]-Tbl_PctTrabajoPlanificado[[#This Row],[Fecha Libera Orden]] -> 11 | P21: 46148 | Q21: 46159 | R21: 98013 | S21: 100 | T21: 4 | U21: 4 | V21: Planificado
A22: 20.2026 | B22: 08 INFR SERVIC Y SUMIN DCH | C22: 02 SUMINISTRO ELECTRICO DCH | D22: CHSS-SE | E22: MANT & PLANIF SUMINISTRO ELECTRICO | F22: CGSSERME | G22: 025 | H22: Correctivo Planificado | I22: =VLOOKUP(Tbl_PctTrabajoPlanificado[[#This Row],[Orden mantenimiento]],Data!$E$2:$G$101,2,FALSE) -> C82 | J22: {=_xlfn.IFS(I22="C81","Pl.Termoelec.Chuq.",I22="C82","Pl.Dist.Energ.Elec",I22="C89","Pl.Mant.Ind.Electr",I22="CO0","Concentradora A0",I22="CO1","Concentradora A1",I22="CO2","Concentradora A2",I22="CB1","SAE Centralizado",I22="C71","Pl.Maestranza.Cent",I22="C72","Pl.Calderería.Cent",I22="C74","CONTRATOS METALMEC",I22="C40","Planif. Refinería",I22="SAPCI","SAPCI",TRUE,"Código no encontrado")} -> Pl.Dist.Energ.Elec | K22: 110304324 | L22: Toma Mstra Aceite EquCrít 2°Sem T7A SE10 | M22: NOTI CTEC JBFI NLIQ PWF RESA PLAN | N22: PL | O22: =Tbl_PctTrabajoPlanificado[[#This Row],[Fecha inicio real]]-Tbl_PctTrabajoPlanificado[[#This Row],[Fecha Libera Orden]] -> 11 | P22: 46148 | Q22: 46159 | R22: 75545 | S22: 100 | T22: 22 | U22: 22 | V22: Planificado
A23: 20.2026 | B23: 08 INFR SERVIC Y SUMIN DCH | C23: 02 SUMINISTRO ELECTRICO DCH | D23: CHSS-SE | E23: MANT & PLANIF SUMINISTRO ELECTRICO | F23: CGSSERME | G23: 035 | H23: Correctivo No Planificado | I23: =VLOOKUP(Tbl_PctTrabajoPlanificado[[#This Row],[Orden mantenimiento]],Data!$E$2:$G$101,2,FALSE) -> C82 | J23: {=_xlfn.IFS(I23="C81","Pl.Termoelec.Chuq.",I23="C82","Pl.Dist.Energ.Elec",I23="C89","Pl.Mant.Ind.Electr",I23="CO0","Concentradora A0",I23="CO1","Concentradora A1",I23="CO2","Concentradora A2",I23="CB1","SAE Centralizado",I23="C71","Pl.Maestranza.Cent",I23="C72","Pl.Calderería.Cent",I23="C74","CONTRATOS METALMEC",I23="C40","Planif. Refinería",I23="SAPCI","SAPCI",TRUE,"Código no encontrado")} -> Pl.Dist.Energ.Elec | K23: 110526034 | L23: RELLENO SF6 L12 GIS 100 KV SE CHUQUI | M23: NOTI CTEC JBFI NLIQ PWF RESA | N23: NP | O23: =Tbl_PctTrabajoPlanificado[[#This Row],[Fecha inicio real]]-Tbl_PctTrabajoPlanificado[[#This Row],[Fecha Libera Orden]] -> -1 | P23: 46157 | Q23: 46156 | R23: # | U23: 6 | V23: Imprevistos
A24: 20.2026 | B24: 08 INFR SERVIC Y SUMIN DCH | C24: 03 PLANTAS DE SUMINISTROS DCH | D24: CHSS-SU | E24: MANT & PLANIF CENTRAL TERMICA SULFUROS | F24: CGSTMRMM | G24: 010 | H24: Preventivo Sistemático | I24: =VLOOKUP(Tbl_PctTrabajoPlanificado[[#This Row],[Orden mantenimiento]],Data!$E$2:$G$101,2,FALSE) -> C81 | J24: {=_xlfn.IFS(I24="C81","Pl.Termoelec.Chuq.",I24="C82","Pl.Dist.Energ.Elec",I24="C89","Pl.Mant.Ind.Electr",I24="CO0","Concentradora A0",I24="CO1","Concentradora A1",I24="CO2","Concentradora A2",I24="CB1","SAE Centralizado",I24="C71","Pl.Maestranza.Cent",I24="C72","Pl.Calderería.Cent",I24="C74","CONTRATOS METALMEC",I24="C40","Planif. Refinería",I24="SAPCI","SAPCI",TRUE,"Código no encontrado")} -> Pl.Termoelec.Chuq. | K24: 110288268 | L24: MRT 12S MEC MTTO CALDERA N°2 | M24: NOTI CTEC JBFI NLIQ PWF RESA PLAN | N24: PL | O24: =Tbl_PctTrabajoPlanificado[[#This Row],[Fecha inicio real]]-Tbl_PctTrabajoPlanificado[[#This Row],[Fecha Libera Orden]] -> 10 | P24: 46145 | Q24: 46155 | R24: 99105 | S24: 100 | T24: 1 | U24: 1 | V24: Planificado
A25: 20.2026 | B25: 08 INFR SERVIC Y SUMIN DCH | C25: 03 PLANTAS DE SUMINISTROS DCH | D25: CHSS-SU | E25: MANT & PLANIF CENTRAL TERMICA SULFUROS | F25: CGSTMRMM | G25: 010 | H25: Preventivo Sistemático | I25: =VLOOKUP(Tbl_PctTrabajoPlanificado[[#This Row],[Orden mantenimiento]],Data!$E$2:$G$101,2,FALSE) -> C81 | J25: {=_xlfn.IFS(I25="C81","Pl.Termoelec.Chuq.",I25="C82","Pl.Dist.Energ.Elec",I25="C89","Pl.Mant.Ind.Electr",I25="CO0","Concentradora A0",I25="CO1","Concentradora A1",I25="CO2","Concentradora A2",I25="CB1","SAE Centralizado",I25="C71","Pl.Maestranza.Cent",I25="C72","Pl.Calderería.Cent",I25="C74","CONTRATOS METALMEC",I25="C40","Planif. Refinería",I25="SAPCI","SAPCI",TRUE,"Código no encontrado")} -> Pl.Termoelec.Chuq. | K25: 110288268 | L25: MRT 12S MEC MTTO CALDERA N°2 | M25: NOTI CTEC JBFI NLIQ PWF RESA PLAN | N25: PL | O25: =Tbl_PctTrabajoPlanificado[[#This Row],[Fecha inicio real]]-Tbl_PctTrabajoPlanificado[[#This Row],[Fecha Libera Orden]] -> 14 | P25: 46145 | Q25: 46159 | R25: 99105 | S25: 100 | T25: 1.2 | U25: 1.2 | V25: Planificado
A26: 20.2026 | B26: 08 INFR SERVIC Y SUMIN DCH | C26: 03 PLANTAS DE SUMINISTROS DCH | D26: CHSS-SU | E26: MANT & PLANIF CENTRAL TERMICA SULFUROS | F26: CGSTMRMM | G26: 010 | H26: Preventivo Sistemático | I26: =VLOOKUP(Tbl_PctTrabajoPlanificado[[#This Row],[Orden mantenimiento]],Data!$E$2:$G$101,2,FALSE) -> C81 | J26: {=_xlfn.IFS(I26="C81","Pl.Termoelec.Chuq.",I26="C82","Pl.Dist.Energ.Elec",I26="C89","Pl.Mant.Ind.Electr",I26="CO0","Concentradora A0",I26="CO1","Concentradora A1",I26="CO2","Concentradora A2",I26="CB1","SAE Centralizado",I26="C71","Pl.Maestranza.Cent",I26="C72","Pl.Calderería.Cent",I26="C74","CONTRATOS METALMEC",I26="C40","Planif. Refinería",I26="SAPCI","SAPCI",TRUE,"Código no encontrado")} -> Pl.Termoelec.Chuq. | K26: 110288268 | L26: MRT 12S MEC MTTO CALDERA N°2 | M26: NOTI CTEC JBFI NLIQ PWF PLAN | N26: PL | O26: =Tbl_PctTrabajoPlanificado[[#This Row],[Fecha inicio real]]-Tbl_PctTrabajoPlanificado[[#This Row],[Fecha Libera Orden]] -> 14 | P26: 46145 | Q26: 46159 | R26: 99105 | S26: 100 | T26: 13.5 | U26: 13.5 | V26: Planificado
A27: 20.2026 | B27: 08 INFR SERVIC Y SUMIN DCH | C27: 03 PLANTAS DE SUMINISTROS DCH | D27: CHSS-SU | E27: MANT & PLANIF CENTRAL TERMICA SULFUROS | F27: CGSTMRMM | G27: 010 | H27: Preventivo Sistemático | I27: =VLOOKUP(Tbl_PctTrabajoPlanificado[[#This Row],[Orden mantenimiento]],Data!$E$2:$G$101,2,FALSE) -> C81 | J27: {=_xlfn.IFS(I27="C81","Pl.Termoelec.Chuq.",I27="C82","Pl.Dist.Energ.Elec",I27="C89","Pl.Mant.Ind.Electr",I27="CO0","Concentradora A0",I27="CO1","Concentradora A1",I27="CO2","Concentradora A2",I27="CB1","SAE Centralizado",I27="C71","Pl.Maestranza.Cent",I27="C72","Pl.Calderería.Cent",I27="C74","CONTRATOS METALMEC",I27="C40","Planif. Refinería",I27="SAPCI","SAPCI",TRUE,"Código no encontrado")} -> Pl.Termoelec.Chuq. | K27: 110406270 | L27: MRT 4S MEC TOMA MUESTRA ACEITE S20 | M27: NOTI CTEC JBFI NLIQ PWF RESA PLAN | N27: PL | O27: =Tbl_PctTrabajoPlanificado[[#This Row],[Fecha inicio real]]-Tbl_PctTrabajoPlanificado[[#This Row],[Fecha Libera Orden]] -> 13 | P27: 46145 | Q27: 46158 | R27: 92589 | S27: 100 | T27: 2.6 | U27: 2.6 | V27: Planificado
A28: 20.2026 | B28: 08 INFR SERVIC Y SUMIN DCH | C28: 03 PLANTAS DE SUMINISTROS DCH | D28: CHSS-SU | E28: MANT & PLANIF CENTRAL TERMICA SULFUROS | F28: CGSTMRMM | G28: 010 | H28: Preventivo Sistemático | I28: =VLOOKUP(Tbl_PctTrabajoPlanificado[[#This Row],[Orden mantenimiento]],Data!$E$2:$G$101,2,FALSE) -> C81 | J28: {=_xlfn.IFS(I28="C81","Pl.Termoelec.Chuq.",I28="C82","Pl.Dist.Energ.Elec",I28="C89","Pl.Mant.Ind.Electr",I28="CO0","Concentradora A0",I28="CO1","Concentradora A1",I28="CO2","Concentradora A2",I28="CB1","SAE Centralizado",I28="C71","Pl.Maestranza.Cent",I28="C72","Pl.Calderería.Cent",I28="C74","CONTRATOS METALMEC",I28="C40","Planif. Refinería",I28="SAPCI","SAPCI",TRUE,"Código no encontrado")} -> Pl.Termoelec.Chuq. | K28: 110406276 | L28: MRT 4S LIMPIEZA CANALA EXTERIOR | M28: NOTI CTEC JBFI NLIQ PWF RESA PLAN | N28: PL | O28: =Tbl_PctTrabajoPlanificado[[#This Row],[Fecha inicio real]]-Tbl_PctTrabajoPlanificado[[#This Row],[Fecha Libera Orden]] -> 11 | P28: 46145 | Q28: 46156 | R28: 98139 | S28: 100 | T28: 12 | U28: 12 | V28: Planificado
A29: 20.2026 | B29: 08 INFR SERVIC Y SUMIN DCH | C29: 03 PLANTAS DE SUMINISTROS DCH | D29: CHSS-SU | E29: MANT & PLANIF CENTRAL TERMICA SULFUROS | F29: CGSTMRMM | G29: 010 | H29: Preventivo Sistemático | I29: =VLOOKUP(Tbl_PctTrabajoPlanificado[[#This Row],[Orden mantenimiento]],Data!$E$2:$G$101,2,FALSE) -> C81 | J29: {=_xlfn.IFS(I29="C81","Pl.Termoelec.Chuq.",I29="C82","Pl.Dist.Energ.Elec",I29="C89","Pl.Mant.Ind.Electr",I29="CO0","Concentradora A0",I29="CO1","Concentradora A1",I29="CO2","Concentradora A2",I29="CB1","SAE Centralizado",I29="C71","Pl.Maestranza.Cent",I29="C72","Pl.Calderería.Cent",I29="C74","CONTRATOS METALMEC",I29="C40","Planif. Refinería",I29="SAPCI","SAPCI",TRUE,"Código no encontrado")} -> Pl.Termoelec.Chuq. | K29: 110427749 | L29: MRT 4S ELEC MTTO UPS N°3 | M29: NOTI CTEC JBFI NLIQ PWF PLAN | N29: PL | O29: =Tbl_PctTrabajoPlanificado[[#This Row],[Fecha inicio real]]-Tbl_PctTrabajoPlanificado[[#This Row],[Fecha Libera Orden]] -> 10 | P29: 46145 | Q29: 46155 | R29: 98494 | S29: 100 | T29: 6 | U29: 6 | V29: Planificado
A30: 20.2026 | B30: 08 INFR SERVIC Y SUMIN DCH | C30: 03 PLANTAS DE SUMINISTROS DCH | D30: CHSS-SU | E30: MANT & PLANIF CENTRAL TERMICA SULFUROS | F30: CGSTMRMM | G30: 010 | H30: Preventivo Sistemático | I30: =VLOOKUP(Tbl_PctTrabajoPlanificado[[#This Row],[Orden mantenimiento]],Data!$E$2:$G$101,2,FALSE) -> C81 | J30: {=_xlfn.IFS(I30="C81","Pl.Termoelec.Chuq.",I30="C82","Pl.Dist.Energ.Elec",I30="C89","Pl.Mant.Ind.Electr",I30="CO0","Concentradora A0",I30="CO1","Concentradora A1",I30="CO2","Concentradora A2",I30="CB1","SAE Centralizado",I30="C71","Pl.Maestranza.Cent",I30="C72","Pl.Calderería.Cent",I30="C74","CONTRATOS METALMEC",I30="C40","Planif. Refinería",I30="SAPCI","SAPCI",TRUE,"Código no encontrado")} -> Pl.Termoelec.Chuq. | K30: 110427755 | L30: MRT 4S MTTO MEC BOMBA 2B | M30: NOTI CTEC JBFI NLIQ PWF RESA PLAN | N30: PL | O30: =Tbl_PctTrabajoPlanificado[[#This Row],[Fecha inicio real]]-Tbl_PctTrabajoPlanificado[[#This Row],[Fecha Libera Orden]] -> 11 | P30: 46145 | Q30: 46156 | R30: 98030 | S30: 100 | T30: 4 | U30: 4 | V30: Planificado
A31: 20.2026 | B31: 08 INFR SERVIC Y SUMIN DCH | C31: 03 PLANTAS DE SUMINISTROS DCH | D31: CHSS-SU | E31: MANT & PLANIF CENTRAL TERMICA SULFUROS | F31: CGSTMRMM | G31: 010 | H31: Preventivo Sistemático | I31: =VLOOKUP(Tbl_PctTrabajoPlanificado[[#This Row],[Orden mantenimiento]],Data!$E$2:$G$101,2,FALSE) -> C81 | J31: {=_xlfn.IFS(I31="C81","Pl.Termoelec.Chuq.",I31="C82","Pl.Dist.Energ.Elec",I31="C89","Pl.Mant.Ind.Electr",I31="CO0","Concentradora A0",I31="CO1","Concentradora A1",I31="CO2","Concentradora A2",I31="CB1","SAE Centralizado",I31="C71","Pl.Maestranza.Cent",I31="C72","Pl.Calderería.Cent",I31="C74","CONTRATOS METALMEC",I31="C40","Planif. Refinería",I31="SAPCI","SAPCI",TRUE,"Código no encontrado")} -> Pl.Termoelec.Chuq. | K31: 110427755 | L31: MRT 4S MTTO MEC BOMBA 2B | M31: NOTI CTEC JBFI NLIQ PWF PLAN | N31: PL | O31: =Tbl_PctTrabajoPlanificado[[#This Row],[Fecha inicio real]]-Tbl_PctTrabajoPlanificado[[#This Row],[Fecha Libera Orden]] -> 11 | P31: 46145 | Q31: 46156 | R31: 98030 | S31: 100 | T31: 1 | U31: 1 | V31: Planificado
A32: 20.2026 | B32: 08 INFR SERVIC Y SUMIN DCH | C32: 03 PLANTAS DE SUMINISTROS DCH | D32: CHSS-SU | E32: MANT & PLANIF CENTRAL TERMICA SULFUROS | F32: CGSTMRMM | G32: 010 | H32: Preventivo Sistemático | I32: =VLOOKUP(Tbl_PctTrabajoPlanificado[[#This Row],[Orden mantenimiento]],Data!$E$2:$G$101,2,FALSE) -> C81 | J32: {=_xlfn.IFS(I32="C81","Pl.Termoelec.Chuq.",I32="C82","Pl.Dist.Energ.Elec",I32="C89","Pl.Mant.Ind.Electr",I32="CO0","Concentradora A0",I32="CO1","Concentradora A1",I32="CO2","Concentradora A2",I32="CB1","SAE Centralizado",I32="C71","Pl.Maestranza.Cent",I32="C72","Pl.Calderería.Cent",I32="C74","CONTRATOS METALMEC",I32="C40","Planif. Refinería",I32="SAPCI","SAPCI",TRUE,"Código no encontrado")} -> Pl.Termoelec.Chuq. | K32: 110432882 | L32: MRT 1S MEC LIMPIEZA MOLINO HARDINGE 1 | M32: NOTI CTEC JBFI NLIQ PWF RESA PLAN | N32: PL | O32: =Tbl_PctTrabajoPlanificado[[#This Row],[Fecha inicio real]]-Tbl_PctTrabajoPlanificado[[#This Row],[Fecha Libera Orden]] -> 8 | P32: 46145 | Q32: 46153 | R32: 49861 | S32: 100 | T32: 9.4 | U32: 9.4 | V32: Planificado
A33: 20.2026 | B33: 08 INFR SERVIC Y SUMIN DCH | C33: 03 PLANTAS DE SUMINISTROS DCH | D33: CHSS-SU | E33: MANT & PLANIF CENTRAL TERMICA SULFUROS | F33: CGSTMRMM | G33: 010 | H33: Preventivo Sistemático | I33: =VLOOKUP(Tbl_PctTrabajoPlanificado[[#This Row],[Orden mantenimiento]],Data!$E$2:$G$101,2,FALSE) -> C81 | J33: {=_xlfn.IFS(I33="C81","Pl.Termoelec.Chuq.",I33="C82","Pl.Dist.Energ.Elec",I33="C89","Pl.Mant.Ind.Electr",I33="CO0","Concentradora A0",I33="CO1","Concentradora A1",I33="CO2","Concentradora A2",I33="CB1","SAE Centralizado",I33="C71","Pl.Maestranza.Cent",I33="C72","Pl.Calderería.Cent",I33="C74","CONTRATOS METALMEC",I33="C40","Planif. Refinería",I33="SAPCI","SAPCI",TRUE,"Código no encontrado")} -> Pl.Termoelec.Chuq. | K33: 110432883 | L33: MRT 1S MEC LIMPIEZA MOLINO HARDINGE 2 | M33: NOTI CTEC JBFI NLIQ PWF RESA PLAN | N33: PL | O33: =Tbl_PctTrabajoPlanificado[[#This Row],[Fecha inicio real]]-Tbl_PctTrabajoPlanificado[[#This Row],[Fecha Libera Orden]] -> 9 | P33: 46145 | Q33: 46154 | R33: 49861 | S33: 100 | T33: 9 | U33: 9 | V33: Planificado
A34: 20.2026 | B34: 08 INFR SERVIC Y SUMIN DCH | C34: 03 PLANTAS DE SUMINISTROS DCH | D34: CHSS-SU | E34: MANT & PLANIF CENTRAL TERMICA SULFUROS | F34: CGSTMRMM | G34: 010 | H34: Preventivo Sistemático | I34: =VLOOKUP(Tbl_PctTrabajoPlanificado[[#This Row],[Orden mantenimiento]],Data!$E$2:$G$101,2,FALSE) -> C81 | J34: {=_xlfn.IFS(I34="C81","Pl.Termoelec.Chuq.",I34="C82","Pl.Dist.Energ.Elec",I34="C89","Pl.Mant.Ind.Electr",I34="CO0","Concentradora A0",I34="CO1","Concentradora A1",I34="CO2","Concentradora A2",I34="CB1","SAE Centralizado",I34="C71","Pl.Maestranza.Cent",I34="C72","Pl.Calderería.Cent",I34="C74","CONTRATOS METALMEC",I34="C40","Planif. Refinería",I34="SAPCI","SAPCI",TRUE,"Código no encontrado")} -> Pl.Termoelec.Chuq. | K34: 110432884 | L34: MRT 1S MEC LIMPIEZA MOLINO TORRE | M34: NOTI CTEC JBFI NLIQ PWF RESA PLAN | N34: PL | O34: =Tbl_PctTrabajoPlanificado[[#This Row],[Fecha inicio real]]-Tbl_PctTrabajoPlanificado[[#This Row],[Fecha Libera Orden]] -> 10 | P34: 46145 | Q34: 46155 | R34: 49861 | S34: 100 | T34: 15 | U34: 15 | V34: Planificado
A35: 20.2026 | B35: 08 INFR SERVIC Y SUMIN DCH | C35: 03 PLANTAS DE SUMINISTROS DCH | D35: CHSS-SU | E35: MANT & PLANIF CENTRAL TERMICA SULFUROS | F35: CGSTMRMM | G35: 010 | H35: Preventivo Sistemático | I35: =VLOOKUP(Tbl_PctTrabajoPlanificado[[#This Row],[Orden mantenimiento]],Data!$E$2:$G$101,2,FALSE) -> C81 | J35: {=_xlfn.IFS(I35="C81","Pl.Termoelec.Chuq.",I35="C82","Pl.Dist.Energ.Elec",I35="C89","Pl.Mant.Ind.Electr",I35="CO0","Concentradora A0",I35="CO1","Concentradora A1",I35="CO2","Concentradora A2",I35="CB1","SAE Centralizado",I35="C71","Pl.Maestranza.Cent",I35="C72","Pl.Calderería.Cent",I35="C74","CONTRATOS METALMEC",I35="C40","Planif. Refinería",I35="SAPCI","SAPCI",TRUE,"Código no encontrado")} -> Pl.Termoelec.Chuq. | K35: 110432884 | L35: MRT 1S MEC LIMPIEZA MOLINO TORRE | M35: NOTI CTEC JBFI NLIQ PWF PLAN | N35: PL | O35: =Tbl_PctTrabajoPlanificado[[#This Row],[Fecha inicio real]]-Tbl_PctTrabajoPlanificado[[#This Row],[Fecha Libera Orden]] -> 10 | P35: 46145 | Q35: 46155 | R35: 49861 | S35: 100 | T35: 1 | U35: 1 | V35: Planificado
... A101: 20.2026 | B101: 08 INFR SERVIC Y SUMIN DCH | C101: 03 PLANTAS DE SUMINISTROS DCH | D101: CHSS-SU | E101: MANT & PLANIF CENTRAL TERMICA SULFUROS | F101: CGSTMRMM | G101: 035 | H101: Correctivo No Planificado | I101: =VLOOKUP(Tbl_PctTrabajoPlanificado[[#This Row],[Orden mantenimiento]],Data!$E$2:$G$101,2,FALSE) -> C81 | J101: {=_xlfn.IFS(I101="C81","Pl.Termoelec.Chuq.",I101="C82","Pl.Dist.Energ.Elec",I101="C89","Pl.Mant.Ind.Electr",I101="CO0","Concentradora A0",I101="CO1","Concentradora A1",I101="CO2","Concentradora A2",I101="CB1","SAE Centralizado",I101="C71","Pl.Maestranza.Cent",I101="C72","Pl.Calderería.Cent",I101="C74","CONTRATOS METALMEC",I101="C40","Planif. Refinería",I101="SAPCI","SAPCI",TRUE,"Código no encontrado")} -> Pl.Termoelec.Chuq. | K101: 110264828 | L101: Reparar ducto alim. al MH-2 | M101: NOTI CTEC JBFI NLIQ PWF RESA PLAN | N101: NP | O101: =Tbl_PctTrabajoPlanificado[[#This Row],[Fecha inicio real]]-Tbl_PctTrabajoPlanificado[[#This Row],[Fecha Libera Orden]] -> 84 | P101: 46070 | Q101: 46154 | R101: # | S101: 0 | T101: 0 | U101: 2 | V101: Imprevistos
A102: 20.2026 | B102: 08 INFR SERVIC Y SUMIN DCH | C102: 03 PLANTAS DE SUMINISTROS DCH | D102: CHSS-SU | E102: MANT & PLANIF CENTRAL TERMICA SULFUROS | F102: CGSTMRMM | G102: 035 | H102: Correctivo No Planificado | I102: =VLOOKUP(Tbl_PctTrabajoPlanificado[[#This Row],[Orden mantenimiento]],Data!$E$2:$G$101,2,FALSE) -> C81 | J102: {=_xlfn.IFS(I102="C81","Pl.Termoelec.Chuq.",I102="C82","Pl.Dist.Energ.Elec",I102="C89","Pl.Mant.Ind.Electr",I102="CO0","Concentradora A0",I102="CO1","Concentradora A1",I102="CO2","Concentradora A2",I102="CB1","SAE Centralizado",I102="C71","Pl.Maestranza.Cent",I102="C72","Pl.Calderería.Cent",I102="C74","CONTRATOS METALMEC",I102="C40","Planif. Refinería",I102="SAPCI","SAPCI",TRUE,"Código no encontrado")} -> Pl.Termoelec.Chuq. | K102: 110324133 | L102: INST BIOMETRICO sala 7 | M102: NOTI CTEC JBFI NLIQ PWF RESA | N102: NP | O102: =Tbl_PctTrabajoPlanificado[[#This Row],[Fecha inicio real]]-Tbl_PctTrabajoPlanificado[[#This Row],[Fecha Libera Orden]] -> 48 | P102: 46108 | Q102: 46156 | R102: # | U102: 2 | V102: Imprevistos
A103: 20.2026 | B103: 08 INFR SERVIC Y SUMIN DCH | C103: 03 PLANTAS DE SUMINISTROS DCH | D103: CHSS-SU | E103: MANT & PLANIF CENTRAL TERMICA SULFUROS | F103: CGSTMRMM | G103: 035 | H103: Correctivo No Planificado | I103: =VLOOKUP(Tbl_PctTrabajoPlanificado[[#This Row],[Orden mantenimiento]],Data!$E$2:$G$101,2,FALSE) -> C81 | J103: {=_xlfn.IFS(I103="C81","Pl.Termoelec.Chuq.",I103="C82","Pl.Dist.Energ.Elec",I103="C89","Pl.Mant.Ind.Electr",I103="CO0","Concentradora A0",I103="CO1","Concentradora A1",I103="CO2","Concentradora A2",I103="CB1","SAE Centralizado",I103="C71","Pl.Maestranza.Cent",I103="C72","Pl.Calderería.Cent",I103="C74","CONTRATOS METALMEC",I103="C40","Planif. Refinería",I103="SAPCI","SAPCI",TRUE,"Código no encontrado")} -> Pl.Termoelec.Chuq. | K103: 110493464 | L103: COMP 29 -CAMBIO DE ENFRIADERA | M103: NOTI JBFI LIB. NLIQ PWF RESA | N103: NP | O103: =Tbl_PctTrabajoPlanificado[[#This Row],[Fecha inicio real]]-Tbl_PctTrabajoPlanificado[[#This Row],[Fecha Libera Orden]] -> 3 | P103: 46151 | Q103: 46154 | R103: # | U103: 3 | V103: Imprevistos
A104: 20.2026 | B104: 08 INFR SERVIC Y SUMIN DCH | C104: 03 PLANTAS DE SUMINISTROS DCH | D104: CHSS-SU | E104: MANT & PLANIF CENTRAL TERMICA SULFUROS | F104: CGSTMRMM | G104: 035 | H104: Correctivo No Planificado | I104: =VLOOKUP(Tbl_PctTrabajoPlanificado[[#This Row],[Orden mantenimiento]],Data!$E$2:$G$101,2,FALSE) -> C81 | J104: {=_xlfn.IFS(I104="C81","Pl.Termoelec.Chuq.",I104="C82","Pl.Dist.Energ.Elec",I104="C89","Pl.Mant.Ind.Electr",I104="CO0","Concentradora A0",I104="CO1","Concentradora A1",I104="CO2","Concentradora A2",I104="CB1","SAE Centralizado",I104="C71","Pl.Maestranza.Cent",I104="C72","Pl.Calderería.Cent",I104="C74","CONTRATOS METALMEC",I104="C40","Planif. Refinería",I104="SAPCI","SAPCI",TRUE,"Código no encontrado")} -> Pl.Termoelec.Chuq. | K104: 110505267 | L104: Visor sucio de descanso | M104: NOTI CTEC JBFI NLIQ PWF | N104: NP | O104: =Tbl_PctTrabajoPlanificado[[#This Row],[Fecha inicio real]]-Tbl_PctTrabajoPlanificado[[#This Row],[Fecha Libera Orden]] -> 5 | P104: 46149 | Q104: 46154 | R104: # | U104: 2 | V104: Imprevistos
A105: 20.2026 | B105: 08 INFR SERVIC Y SUMIN DCH | C105: 03 PLANTAS DE SUMINISTROS DCH | D105: CHSS-SU | E105: MANT & PLANIF CENTRAL TERMICA SULFUROS | F105: CGSTMRMM | G105: 035 | H105: Correctivo No Planificado | I105: =VLOOKUP(Tbl_PctTrabajoPlanificado[[#This Row],[Orden mantenimiento]],Data!$E$2:$G$101,2,FALSE) -> C81 | J105: {=_xlfn.IFS(I105="C81","Pl.Termoelec.Chuq.",I105="C82","Pl.Dist.Energ.Elec",I105="C89","Pl.Mant.Ind.Electr",I105="CO0","Concentradora A0",I105="CO1","Concentradora A1",I105="CO2","Concentradora A2",I105="CB1","SAE Centralizado",I105="C71","Pl.Maestranza.Cent",I105="C72","Pl.Calderería.Cent",I105="C74","CONTRATOS METALMEC",I105="C40","Planif. Refinería",I105="SAPCI","SAPCI",TRUE,"Código no encontrado")} -> Pl.Termoelec.Chuq. | K105: 110505267 | L105: Visor sucio de descanso | M105: NOTI CTEC JBFI NLIQ PWF RESA | N105: NP | O105: =Tbl_PctTrabajoPlanificado[[#This Row],[Fecha inicio real]]-Tbl_PctTrabajoPlanificado[[#This Row],[Fecha Libera Orden]] -> 5 | P105: 46149 | Q105: 46154 | R105: # | U105: 1 | V105: Imprevistos
A106: 20.2026 | B106: 08 INFR SERVIC Y SUMIN DCH | C106: 03 PLANTAS DE SUMINISTROS DCH | D106: CHSS-SU | E106: MANT & PLANIF CENTRAL TERMICA SULFUROS | F106: CGSTMRMM | G106: 035 | H106: Correctivo No Planificado | I106: =VLOOKUP(Tbl_PctTrabajoPlanificado[[#This Row],[Orden mantenimiento]],Data!$E$2:$G$101,2,FALSE) -> C81 | J106: {=_xlfn.IFS(I106="C81","Pl.Termoelec.Chuq.",I106="C82","Pl.Dist.Energ.Elec",I106="C89","Pl.Mant.Ind.Electr",I106="CO0","Concentradora A0",I106="CO1","Concentradora A1",I106="CO2","Concentradora A2",I106="CB1","SAE Centralizado",I106="C71","Pl.Maestranza.Cent",I106="C72","Pl.Calderería.Cent",I106="C74","CONTRATOS METALMEC",I106="C40","Planif. Refinería",I106="SAPCI","SAPCI",TRUE,"Código no encontrado")} -> Pl.Termoelec.Chuq. | K106: 110505271 | L106: Rellenar nivel de aceite carter | M106: NOTI CTEC JBFI NLIQ PWF | N106: NP | O106: =Tbl_PctTrabajoPlanificado[[#This Row],[Fecha inicio real]]-Tbl_PctTrabajoPlanificado[[#This Row],[Fecha Libera Orden]] -> 1 | P106: 46153 | Q106: 46154 | R106: # | U106: 2 | V106: Imprevistos
A107: 20.2026 | B107: 08 INFR SERVIC Y SUMIN DCH | C107: 03 PLANTAS DE SUMINISTROS DCH | D107: CHSS-SU | E107: MANT & PLANIF CENTRAL TERMICA SULFUROS | F107: CGSTMRMM | G107: 035 | H107: Correctivo No Planificado | I107: =VLOOKUP(Tbl_PctTrabajoPlanificado[[#This Row],[Orden mantenimiento]],Data!$E$2:$G$101,2,FALSE) -> C81 | J107: {=_xlfn.IFS(I107="C81","Pl.Termoelec.Chuq.",I107="C82","Pl.Dist.Energ.Elec",I107="C89","Pl.Mant.Ind.Electr",I107="CO0","Concentradora A0",I107="CO1","Concentradora A1",I107="CO2","Concentradora A2",I107="CB1","SAE Centralizado",I107="C71","Pl.Maestranza.Cent",I107="C72","Pl.Calderería.Cent",I107="C74","CONTRATOS METALMEC",I107="C40","Planif. Refinería",I107="SAPCI","SAPCI",TRUE,"Código no encontrado")} -> Pl.Termoelec.Chuq. | K107: 110511155 | L107: Reparación Línea Acelerador Silo N°2 | M107: NOTI CTEC JBFI NLIQ PWF RESA | N107: NP | O107: =Tbl_PctTrabajoPlanificado[[#This Row],[Fecha inicio real]]-Tbl_PctTrabajoPlanificado[[#This Row],[Fecha Libera Orden]] -> 0 | P107: 46153 | Q107: 46153 | R107: # | U107: 3 | V107: Imprevistos
A108: 20.2026 | B108: 08 INFR SERVIC Y SUMIN DCH | C108: 03 PLANTAS DE SUMINISTROS DCH | D108: CHSS-SU | E108: MANT & PLANIF CENTRAL TERMICA SULFUROS | F108: CGSTMRMM | G108: 035 | H108: Correctivo No Planificado | I108: =VLOOKUP(Tbl_PctTrabajoPlanificado[[#This Row],[Orden mantenimiento]],Data!$E$2:$G$101,2,FALSE) -> C81 | J108: {=_xlfn.IFS(I108="C81","Pl.Termoelec.Chuq.",I108="C82","Pl.Dist.Energ.Elec",I108="C89","Pl.Mant.Ind.Electr",I108="CO0","Concentradora A0",I108="CO1","Concentradora A1",I108="CO2","Concentradora A2",I108="CB1","SAE Centralizado",I108="C71","Pl.Maestranza.Cent",I108="C72","Pl.Calderería.Cent",I108="C74","CONTRATOS METALMEC",I108="C40","Planif. Refinería",I108="SAPCI","SAPCI",TRUE,"Código no encontrado")} -> Pl.Termoelec.Chuq. | K108: 110513921 | L108: Puerta lado sur Correa Aux. No cierra | M108: NOTI CTEC JBFI NLIQ PWF RESA | N108: NP | O108: =Tbl_PctTrabajoPlanificado[[#This Row],[Fecha inicio real]]-Tbl_PctTrabajoPlanificado[[#This Row],[Fecha Libera Orden]] -> -1 | P108: 46154 | Q108: 46153 | R108: # | U108: 2 | V108: Imprevistos
A109: 20.2026 | B109: 08 INFR SERVIC Y SUMIN DCH | C109: 03 PLANTAS DE SUMINISTROS DCH | D109: CHSS-SU | E109: MANT & PLANIF CENTRAL TERMICA SULFUROS | F109: CGSTMRMM | G109: 035 | H109: Correctivo No Planificado | I109: =VLOOKUP(Tbl_PctTrabajoPlanificado[[#This Row],[Orden mantenimiento]],Data!$E$2:$G$101,2,FALSE) -> C81 | J109: {=_xlfn.IFS(I109="C81","Pl.Termoelec.Chuq.",I109="C82","Pl.Dist.Energ.Elec",I109="C89","Pl.Mant.Ind.Electr",I109="CO0","Concentradora A0",I109="CO1","Concentradora A1",I109="CO2","Concentradora A2",I109="CB1","SAE Centralizado",I109="C71","Pl.Maestranza.Cent",I109="C72","Pl.Calderería.Cent",I109="C74","CONTRATOS METALMEC",I109="C40","Planif. Refinería",I109="SAPCI","SAPCI",TRUE,"Código no encontrado")} -> Pl.Termoelec.Chuq. | K109: 110513930 | L109: Destapar línea 3" BBA Aurora a C.Prod.MT | M109: NOTI CTEC JBFI NLIQ PWF RESA | N109: NP | O109: =Tbl_PctTrabajoPlanificado[[#This Row],[Fecha inicio real]]-Tbl_PctTrabajoPlanificado[[#This Row],[Fecha Libera Orden]] -> -1 | P109: 46154 | Q109: 46153 | R109: # | U109: 3 | V109: Imprevistos
A110: 20.2026 | B110: 08 INFR SERVIC Y SUMIN DCH | C110: 03 PLANTAS DE SUMINISTROS DCH | D110: CHSS-SU | E110: MANT & PLANIF CENTRAL TERMICA SULFUROS | F110: CGSTMRMM | G110: 035 | H110: Correctivo No Planificado | I110: =VLOOKUP(Tbl_PctTrabajoPlanificado[[#This Row],[Orden mantenimiento]],Data!$E$2:$G$101,2,FALSE) -> C81 | J110: {=_xlfn.IFS(I110="C81","Pl.Termoelec.Chuq.",I110="C82","Pl.Dist.Energ.Elec",I110="C89","Pl.Mant.Ind.Electr",I110="CO0","Concentradora A0",I110="CO1","Concentradora A1",I110="CO2","Concentradora A2",I110="CB1","SAE Centralizado",I110="C71","Pl.Maestranza.Cent",I110="C72","Pl.Calderería.Cent",I110="C74","CONTRATOS METALMEC",I110="C40","Planif. Refinería",I110="SAPCI","SAPCI",TRUE,"Código no encontrado")} -> Pl.Termoelec.Chuq. | K110: 110515568 | L110: Posición de válvula ON/OFF | M110: NOTI CTEC JBFI NLIQ PWF RESA | N110: NP | O110: =Tbl_PctTrabajoPlanificado[[#This Row],[Fecha inicio real]]-Tbl_PctTrabajoPlanificado[[#This Row],[Fecha Libera Orden]] -> 0 | P110: 46153 | Q110: 46153 | R110: # | U110: 1 | V110: Imprevistos
A111: 20.2026 | B111: 08 INFR SERVIC Y SUMIN DCH | C111: 03 PLANTAS DE SUMINISTROS DCH | D111: CHSS-SU | E111: MANT & PLANIF CENTRAL TERMICA SULFUROS | F111: CGSTMRMM | G111: 035 | H111: Correctivo No Planificado | I111: =VLOOKUP(Tbl_PctTrabajoPlanificado[[#This Row],[Orden mantenimiento]],Data!$E$2:$G$101,2,FALSE) -> C81 | J111: {=_xlfn.IFS(I111="C81","Pl.Termoelec.Chuq.",I111="C82","Pl.Dist.Energ.Elec",I111="C89","Pl.Mant.Ind.Electr",I111="CO0","Concentradora A0",I111="CO1","Concentradora A1",I111="CO2","Concentradora A2",I111="CB1","SAE Centralizado",I111="C71","Pl.Maestranza.Cent",I111="C72","Pl.Calderería.Cent",I111="C74","CONTRATOS METALMEC",I111="C40","Planif. Refinería",I111="SAPCI","SAPCI",TRUE,"Código no encontrado")} -> Pl.Termoelec.Chuq. | K111: 110516455 | L111: chequeo alinemiento pots PES | M111: NOTI CTEC JBFI NLIQ PWF | N111: NP | O111: =Tbl_PctTrabajoPlanificado[[#This Row],[Fecha inicio real]]-Tbl_PctTrabajoPlanificado[[#This Row],[Fecha Libera Orden]] -> 0 | P111: 46154 | Q111: 46154 | R111: # | U111: 6 | V111: Imprevistos
A112: 20.2026 | B112: 08 INFR SERVIC Y SUMIN DCH | C112: 03 PLANTAS DE SUMINISTROS DCH | D112: CHSS-SU | E112: MANT & PLANIF CENTRAL TERMICA SULFUROS | F112: CGSTMRMM | G112: 035 | H112: Correctivo No Planificado | I112: =VLOOKUP(Tbl_PctTrabajoPlanificado[[#This Row],[Orden mantenimiento]],Data!$E$2:$G$101,2,FALSE) -> C81 | J112: {=_xlfn.IFS(I112="C81","Pl.Termoelec.Chuq.",I112="C82","Pl.Dist.Energ.Elec",I112="C89","Pl.Mant.Ind.Electr",I112="CO0","Concentradora A0",I112="CO1","Concentradora A1",I112="CO2","Concentradora A2",I112="CB1","SAE Centralizado",I112="C71","Pl.Maestranza.Cent",I112="C72","Pl.Calderería.Cent",I112="C74","CONTRATOS METALMEC",I112="C40","Planif. Refinería",I112="SAPCI","SAPCI",TRUE,"Código no encontrado")} -> Pl.Termoelec.Chuq. | K112: 110516455 | L112: chequeo alinemiento pots PES | M112: NOTI CTEC JBFI NLIQ PWF RESA | N112: NP | O112: =Tbl_PctTrabajoPlanificado[[#This Row],[Fecha inicio real]]-Tbl_PctTrabajoPlanificado[[#This Row],[Fecha Libera Orden]] -> 1 | P112: 46154 | Q112: 46155 | R112: # | U112: 1 | V112: Imprevistos
A113: 20.2026 | B113: 08 INFR SERVIC Y SUMIN DCH | C113: 03 PLANTAS DE SUMINISTROS DCH | D113: CHSS-SU | E113: MANT & PLANIF CENTRAL TERMICA SULFUROS | F113: CGSTMRMM | G113: 035 | H113: Correctivo No Planificado | I113: =VLOOKUP(Tbl_PctTrabajoPlanificado[[#This Row],[Orden mantenimiento]],Data!$E$2:$G$101,2,FALSE) -> C81 | J113: {=_xlfn.IFS(I113="C81","Pl.Termoelec.Chuq.",I113="C82","Pl.Dist.Energ.Elec",I113="C89","Pl.Mant.Ind.Electr",I113="CO0","Concentradora A0",I113="CO1","Concentradora A1",I113="CO2","Concentradora A2",I113="CB1","SAE Centralizado",I113="C71","Pl.Maestranza.Cent",I113="C72","Pl.Calderería.Cent",I113="C74","CONTRATOS METALMEC",I113="C40","Planif. Refinería",I113="SAPCI","SAPCI",TRUE,"Código no encontrado")} -> Pl.Termoelec.Chuq. | K113: 110518096 | L113: Ducto entrada filtros mangas pernos suel | M113: NOTI CTEC JBFI NLIQ PWF RESA | N113: NP | O113: =Tbl_PctTrabajoPlanificado[[#This Row],[Fecha inicio real]]-Tbl_PctTrabajoPlanificado[[#This Row],[Fecha Libera Orden]] -> 0 | P113: 46154 | Q113: 46154 | R113: # | U113: 2 | V113: Imprevistos
... A123: 20.2026 | B123: 08 INFR SERVIC Y SUMIN DCH | C123: 03 PLANTAS DE SUMINISTROS DCH | D123: CHSS-SU | E123: MANT & PLANIF CENTRAL TERMICA SULFUROS | F123: CGSTMRMM | G123: 035 | H123: Correctivo No Planificado | I123: =VLOOKUP(Tbl_PctTrabajoPlanificado[[#This Row],[Orden mantenimiento]],Data!$E$2:$G$101,2,FALSE) -> C81 | J123: {=_xlfn.IFS(I123="C81","Pl.Termoelec.Chuq.",I123="C82","Pl.Dist.Energ.Elec",I123="C89","Pl.Mant.Ind.Electr",I123="CO0","Concentradora A0",I123="CO1","Concentradora A1",I123="CO2","Concentradora A2",I123="CB1","SAE Centralizado",I123="C71","Pl.Maestranza.Cent",I123="C72","Pl.Calderería.Cent",I123="C74","CONTRATOS METALMEC",I123="C40","Planif. Refinería",I123="SAPCI","SAPCI",TRUE,"Código no encontrado")} -> Pl.Termoelec.Chuq. | K123: 110530732 | L123: Cambio de motor bomba 3B PHC | M123: NOTI JBFI LIB. NLIQ PWF | N123: NP | O123: =Tbl_PctTrabajoPlanificado[[#This Row],[Fecha inicio real]]-Tbl_PctTrabajoPlanificado[[#This Row],[Fecha Libera Orden]] -> 0 | P123: 46159 | Q123: 46159 | R123: # | U123: 1.5 | V123: Imprevistos
A124: 20.2026 | B124: 08 INFR SERVIC Y SUMIN DCH | C124: 99 ESENCIALES INFRA. SERV. DCH | D124: 02 GRUAS INFRA DCH | E124: MANT & PLANIF CENTRAL TERMICA SULFUROS | F124: CGSTMRMM | G124: 010 | H124: Preventivo Sistemático | I124: =VLOOKUP(Tbl_PctTrabajoPlanificado[[#This Row],[Orden mantenimiento]],Data!$E$2:$G$101,2,FALSE) -> C81 | J124: {=_xlfn.IFS(I124="C81","Pl.Termoelec.Chuq.",I124="C82","Pl.Dist.Energ.Elec",I124="C89","Pl.Mant.Ind.Electr",I124="CO0","Concentradora A0",I124="CO1","Concentradora A1",I124="CO2","Concentradora A2",I124="CB1","SAE Centralizado",I124="C71","Pl.Maestranza.Cent",I124="C72","Pl.Calderería.Cent",I124="C74","CONTRATOS METALMEC",I124="C40","Planif. Refinería",I124="SAPCI","SAPCI",TRUE,"Código no encontrado")} -> Pl.Termoelec.Chuq. | K124: 110436792 | L124: MRT 16S MEC MTTO PUENTE GRUA SALA COMP | M124: NOTI JBFI LIB. NLIQ PLAN PWF RESA | N124: PL | O124: =Tbl_PctTrabajoPlanificado[[#This Row],[Fecha inicio real]]-Tbl_PctTrabajoPlanificado[[#This Row],[Fecha Libera Orden]] -> 8 | P124: 46147 | Q124: 46155 | R124: 98123 | S124: 100 | T124: 25.5 | U124: 25.5 | V124: Planificado
A125: 20.2026 | B125: 08 INFR SERVIC Y SUMIN DCH | C125: 99 ESENCIALES INFRA. SERV. DCH | D125: 03 SIST. C.INCENDIO INFRA DCH | E125: MANT & PLANIF SUMINISTRO ELECTRICO | F125: CGSSERME | G125: 010 | H125: Preventivo Sistemático | I125: =VLOOKUP(Tbl_PctTrabajoPlanificado[[#This Row],[Orden mantenimiento]],Data!$E$2:$G$101,2,FALSE) -> C82 | J125: {=_xlfn.IFS(I125="C81","Pl.Termoelec.Chuq.",I125="C82","Pl.Dist.Energ.Elec",I125="C89","Pl.Mant.Ind.Electr",I125="CO0","Concentradora A0",I125="CO1","Concentradora A1",I125="CO2","Concentradora A2",I125="CB1","SAE Centralizado",I125="C71","Pl.Maestranza.Cent",I125="C72","Pl.Calderería.Cent",I125="C74","CONTRATOS METALMEC",I125="C40","Planif. Refinería",I125="SAPCI","SAPCI",TRUE,"Código no encontrado")} -> Pl.Dist.Energ.Elec | K125: 110473462 | L125: INSPECCI SAPCI S/E SOPLADORES GIS 13,8KV | M125: NOTI CTEC JBFI NLIQ PWF RESA PLAN | N125: PL | O125: =Tbl_PctTrabajoPlanificado[[#This Row],[Fecha inicio real]]-Tbl_PctTrabajoPlanificado[[#This Row],[Fecha Libera Orden]] -> 15 | P125: 46140 | Q125: 46155 | R125: 98157 | S125: 100 | T125: 3 | U125: 3 | V125: Planificado
A126: 20.2026 | B126: 08 INFR SERVIC Y SUMIN DCH | C126: 99 ESENCIALES INFRA. SERV. DCH | D126: 03 SIST. C.INCENDIO INFRA DCH | E126: MANT & PLANIF SUMINISTRO ELECTRICO | F126: CGSSERME | G126: 010 | H126: Preventivo Sistemático | I126: =VLOOKUP(Tbl_PctTrabajoPlanificado[[#This Row],[Orden mantenimiento]],Data!$E$2:$G$101,2,FALSE) -> C82 | J126: {=_xlfn.IFS(I126="C81","Pl.Termoelec.Chuq.",I126="C82","Pl.Dist.Energ.Elec",I126="C89","Pl.Mant.Ind.Electr",I126="CO0","Concentradora A0",I126="CO1","Concentradora A1",I126="CO2","Concentradora A2",I126="CB1","SAE Centralizado",I126="C71","Pl.Maestranza.Cent",I126="C72","Pl.Calderería.Cent",I126="C74","CONTRATOS METALMEC",I126="C40","Planif. Refinería",I126="SAPCI","SAPCI",TRUE,"Código no encontrado")} -> Pl.Dist.Energ.Elec | K126: 110473475 | L126: INSPECCION SAPCI S/E TCHITACK SALA GIS | M126: NOTI CTEC JBFI NLIQ PWF RESA PLAN | N126: PL | O126: =Tbl_PctTrabajoPlanificado[[#This Row],[Fecha inicio real]]-Tbl_PctTrabajoPlanificado[[#This Row],[Fecha Libera Orden]] -> 15 | P126: 46140 | Q126: 46155 | R126: 98157 | S126: 100 | T126: 3 | U126: 3 | V126: Planificado
A127: 20.2026 | B127: 08 INFR SERVIC Y SUMIN DCH | C127: 99 ESENCIALES INFRA. SERV. DCH | D127: 03 SIST. C.INCENDIO INFRA DCH | E127: MANT & PLANIF SUMINISTRO ELECTRICO | F127: CGSSERME | G127: 020 | H127: Preventivo Predictivo | I127: =VLOOKUP(Tbl_PctTrabajoPlanificado[[#This Row],[Orden mantenimiento]],Data!$E$2:$G$101,2,FALSE) -> C82 | J127: {=_xlfn.IFS(I127="C81","Pl.Termoelec.Chuq.",I127="C82","Pl.Dist.Energ.Elec",I127="C89","Pl.Mant.Ind.Electr",I127="CO0","Concentradora A0",I127="CO1","Concentradora A1",I127="CO2","Concentradora A2",I127="CB1","SAE Centralizado",I127="C71","Pl.Maestranza.Cent",I127="C72","Pl.Calderería.Cent",I127="C74","CONTRATOS METALMEC",I127="C40","Planif. Refinería",I127="SAPCI","SAPCI",TRUE,"Código no encontrado")} -> Pl.Dist.Energ.Elec | K127: 110439860 | L127: INSPECCION SISTEMA SAPCI S/E KM6 | M127: NOTI CTEC JBFI NLIQ PWF RESA PLAN | N127: PL | O127: =Tbl_PctTrabajoPlanificado[[#This Row],[Fecha inicio real]]-Tbl_PctTrabajoPlanificado[[#This Row],[Fecha Libera Orden]] -> 14 | P127: 46139 | Q127: 46153 | R127: 98157 | S127: 100 | T127: 2 | U127: 2 | V127: Planificado
A128: 20.2026 | B128: 08 INFR SERVIC Y SUMIN DCH | C128: 99 ESENCIALES INFRA. SERV. DCH | D128: 03 SIST. C.INCENDIO INFRA DCH | E128: MANT & PLANIF SUMINISTRO ELECTRICO | F128: CGSSERME | G128: 020 | H128: Preventivo Predictivo | I128: =VLOOKUP(Tbl_PctTrabajoPlanificado[[#This Row],[Orden mantenimiento]],Data!$E$2:$G$101,2,FALSE) -> C82 | J128: {=_xlfn.IFS(I128="C81","Pl.Termoelec.Chuq.",I128="C82","Pl.Dist.Energ.Elec",I128="C89","Pl.Mant.Ind.Electr",I128="CO0","Concentradora A0",I128="CO1","Concentradora A1",I128="CO2","Concentradora A2",I128="CB1","SAE Centralizado",I128="C71","Pl.Maestranza.Cent",I128="C72","Pl.Calderería.Cent",I128="C74","CONTRATOS METALMEC",I128="C40","Planif. Refinería",I128="SAPCI","SAPCI",TRUE,"Código no encontrado")} -> Pl.Dist.Energ.Elec | K128: 110439861 | L128: INSPECCION SISTEMA SAPCI S/E 10 | M128: NOTI CTEC JBFI NLIQ PWF RESA PLAN | N128: PL | O128: =Tbl_PctTrabajoPlanificado[[#This Row],[Fecha inicio real]]-Tbl_PctTrabajoPlanificado[[#This Row],[Fecha Libera Orden]] -> 14 | P128: 46139 | Q128: 46153 | R128: 98157 | S128: 100 | T128: 2 | U128: 2 | V128: Planificado
A129: 20.2026 | B129: 08 INFR SERVIC Y SUMIN DCH | C129: 99 ESENCIALES INFRA. SERV. DCH | D129: 03 SIST. C.INCENDIO INFRA DCH | E129: MANT & PLANIF SUMINISTRO ELECTRICO | F129: CGSSERME | G129: 020 | H129: Preventivo Predictivo | I129: =VLOOKUP(Tbl_PctTrabajoPlanificado[[#This Row],[Orden mantenimiento]],Data!$E$2:$G$101,2,FALSE) -> C82 | J129: {=_xlfn.IFS(I129="C81","Pl.Termoelec.Chuq.",I129="C82","Pl.Dist.Energ.Elec",I129="C89","Pl.Mant.Ind.Electr",I129="CO0","Concentradora A0",I129="CO1","Concentradora A1",I129="CO2","Concentradora A2",I129="CB1","SAE Centralizado",I129="C71","Pl.Maestranza.Cent",I129="C72","Pl.Calderería.Cent",I129="C74","CONTRATOS METALMEC",I129="C40","Planif. Refinería",I129="SAPCI","SAPCI",TRUE,"Código no encontrado")} -> Pl.Dist.Energ.Elec | K129: 110439864 | L129: INSPECCION SISTEMA SAPCI S/E CHUQUICAMAT | M129: NOTI CTEC JBFI NLIQ PWF RESA PLAN | N129: PL | O129: =Tbl_PctTrabajoPlanificado[[#This Row],[Fecha inicio real]]-Tbl_PctTrabajoPlanificado[[#This Row],[Fecha Libera Orden]] -> 15 | P129: 46139 | Q129: 46154 | R129: 98157 | S129: 100 | T129: 2 | U129: 2 | V129: Planificado
A130: 20.2026 | B130: 08 INFR SERVIC Y SUMIN DCH | C130: 99 ESENCIALES INFRA. SERV. DCH | D130: 03 SIST. C.INCENDIO INFRA DCH | E130: MANT & PLANIF SUMINISTRO ELECTRICO | F130: CGSSERME | G130: 020 | H130: Preventivo Predictivo | I130: =VLOOKUP(Tbl_PctTrabajoPlanificado[[#This Row],[Orden mantenimiento]],Data!$E$2:$G$101,2,FALSE) -> C82 | J130: {=_xlfn.IFS(I130="C81","Pl.Termoelec.Chuq.",I130="C82","Pl.Dist.Energ.Elec",I130="C89","Pl.Mant.Ind.Electr",I130="CO0","Concentradora A0",I130="CO1","Concentradora A1",I130="CO2","Concentradora A2",I130="CB1","SAE Centralizado",I130="C71","Pl.Maestranza.Cent",I130="C72","Pl.Calderería.Cent",I130="C74","CONTRATOS METALMEC",I130="C40","Planif. Refinería",I130="SAPCI","SAPCI",TRUE,"Código no encontrado")} -> Pl.Dist.Energ.Elec | K130: 110439865 | L130: INSPECCION SISTEMA SAPCI S/E SUB-A | M130: NOTI CTEC JBFI NLIQ PWF RESA PLAN | N130: PL | O130: =Tbl_PctTrabajoPlanificado[[#This Row],[Fecha inicio real]]-Tbl_PctTrabajoPlanificado[[#This Row],[Fecha Libera Orden]] -> 15 | P130: 46139 | Q130: 46154 | R130: 98157 | S130: 100 | T130: 2 | U130: 2 | V130: Planificado
A131: 20.2026 | B131: 08 INFR SERVIC Y SUMIN DCH | C131: 99 ESENCIALES INFRA. SERV. DCH | D131: 03 SIST. C.INCENDIO INFRA DCH | E131: MANT & PLANIF SUMINISTRO ELECTRICO | F131: CGSSERME | G131: 020 | H131: Preventivo Predictivo | I131: =VLOOKUP(Tbl_PctTrabajoPlanificado[[#This Row],[Orden mantenimiento]],Data!$E$2:$G$101,2,FALSE) -> C82 | J131: {=_xlfn.IFS(I131="C81","Pl.Termoelec.Chuq.",I131="C82","Pl.Dist.Energ.Elec",I131="C89","Pl.Mant.Ind.Electr",I131="CO0","Concentradora A0",I131="CO1","Concentradora A1",I131="CO2","Concentradora A2",I131="CB1","SAE Centralizado",I131="C71","Pl.Maestranza.Cent",I131="C72","Pl.Calderería.Cent",I131="C74","CONTRATOS METALMEC",I131="C40","Planif. Refinería",I131="SAPCI","SAPCI",TRUE,"Código no encontrado")} -> Pl.Dist.Energ.Elec | K131: 110473454 | L131: INSPECCIÓN SAPCI S/E K1 TRAFO 1-2 | M131: NOTI CTEC JBFI NLIQ PWF RESA PLAN | N131: PL | O131: =Tbl_PctTrabajoPlanificado[[#This Row],[Fecha inicio real]]-Tbl_PctTrabajoPlanificado[[#This Row],[Fecha Libera Orden]] -> 16 | P131: 46140 | Q131: 46156 | R131: 98157 | S131: 100 | T131: 3 | U131: 3 | V131: Planificado
A132: 20.2026 | B132: 08 INFR SERVIC Y SUMIN DCH | C132: 99 ESENCIALES INFRA. SERV. DCH | D132: 03 SIST. C.INCENDIO INFRA DCH | E132: MANT & PLANIF SUMINISTRO ELECTRICO | F132: CGSSERME | G132: 020 | H132: Preventivo Predictivo | I132: =VLOOKUP(Tbl_PctTrabajoPlanificado[[#This Row],[Orden mantenimiento]],Data!$E$2:$G$101,2,FALSE) -> C82 | J132: {=_xlfn.IFS(I132="C81","Pl.Termoelec.Chuq.",I132="C82","Pl.Dist.Energ.Elec",I132="C89","Pl.Mant.Ind.Electr",I132="CO0","Concentradora A0",I132="CO1","Concentradora A1",I132="CO2","Concentradora A2",I132="CB1","SAE Centralizado",I132="C71","Pl.Maestranza.Cent",I132="C72","Pl.Calderería.Cent",I132="C74","CONTRATOS METALMEC",I132="C40","Planif. Refinería",I132="SAPCI","SAPCI",TRUE,"Código no encontrado")} -> Pl.Dist.Energ.Elec | K132: 110473455 | L132: INSPECCION SAPCI S/E K1 TRAFO 3 | M132: NOTI CTEC JBFI NLIQ PWF RESA PLAN | N132: PL | O132: =Tbl_PctTrabajoPlanificado[[#This Row],[Fecha inicio real]]-Tbl_PctTrabajoPlanificado[[#This Row],[Fecha Libera Orden]] -> 15 | P132: 46140 | Q132: 46155 | R132: 98157 | S132: 100 | T132: 3 | U132: 3 | V132: Planificado
A133: 20.2026 | B133: 08 INFR SERVIC Y SUMIN DCH | C133: 99 ESENCIALES INFRA. SERV. DCH | D133: 03 SIST. C.INCENDIO INFRA DCH | E133: MANT & PLANIF SUMINISTRO ELECTRICO | F133: CGSSERME | G133: 020 | H133: Preventivo Predictivo | I133: =VLOOKUP(Tbl_PctTrabajoPlanificado[[#This Row],[Orden mantenimiento]],Data!$E$2:$G$101,2,FALSE) -> C82 | J133: {=_xlfn.IFS(I133="C81","Pl.Termoelec.Chuq.",I133="C82","Pl.Dist.Energ.Elec",I133="C89","Pl.Mant.Ind.Electr",I133="CO0","Concentradora A0",I133="CO1","Concentradora A1",I133="CO2","Concentradora A2",I133="CB1","SAE Centralizado",I133="C71","Pl.Maestranza.Cent",I133="C72","Pl.Calderería.Cent",I133="C74","CONTRATOS METALMEC",I133="C40","Planif. Refinería",I133="SAPCI","SAPCI",TRUE,"Código no encontrado")} -> Pl.Dist.Energ.Elec | K133: 110473457 | L133: INSPECCION SAPCI S/E SOPLADORES TRAFO 1 | M133: NOTI CTEC JBFI NLIQ PWF RESA PLAN | N133: PL | O133: =Tbl_PctTrabajoPlanificado[[#This Row],[Fecha inicio real]]-Tbl_PctTrabajoPlanificado[[#This Row],[Fecha Libera Orden]] -> 14 | P133: 46140 | Q133: 46154 | R133: 98157 | S133: 100 | T133: 3 | U133: 3 | V133: Planificado
A134: 20.2026 | B134: 08 INFR SERVIC Y SUMIN DCH | C134: 99 ESENCIALES INFRA. SERV. DCH | D134: 03 SIST. C.INCENDIO INFRA DCH | E134: MANT & PLANIF SUMINISTRO ELECTRICO | F134: CGSSERME | G134: 020 | H134: Preventivo Predictivo | I134: =VLOOKUP(Tbl_PctTrabajoPlanificado[[#This Row],[Orden mantenimiento]],Data!$E$2:$G$101,2,FALSE) -> C82 | J134: {=_xlfn.IFS(I134="C81","Pl.Termoelec.Chuq.",I134="C82","Pl.Dist.Energ.Elec",I134="C89","Pl.Mant.Ind.Electr",I134="CO0","Concentradora A0",I134="CO1","Concentradora A1",I134="CO2","Concentradora A2",I134="CB1","SAE Centralizado",I134="C71","Pl.Maestranza.Cent",I134="C72","Pl.Calderería.Cent",I134="C74","CONTRATOS METALMEC",I134="C40","Planif. Refinería",I134="SAPCI","SAPCI",TRUE,"Código no encontrado")} -> Pl.Dist.Energ.Elec | K134: 110473466 | L134: INSPECCION SAPCI S/E TCHITACK SALA SCADA | M134: NOTI CTEC JBFI NLIQ PWF RESA PLAN | N134: PL | O134: =Tbl_PctTrabajoPlanificado[[#This Row],[Fecha inicio real]]-Tbl_PctTrabajoPlanificado[[#This Row],[Fecha Libera Orden]] -> 15 | P134: 46140 | Q134: 46155 | R134: 98157 | S134: 100 | T134: 3 | U134: 3 | V134: Planificado
A135: 20.2026 | B135: 08 INFR SERVIC Y SUMIN DCH | C135: 99 ESENCIALES INFRA. SERV. DCH | D135: 03 SIST. C.INCENDIO INFRA DCH | E135: MANT & PLANIF SUMINISTRO ELECTRICO | F135: CGSSERME | G135: 020 | H135: Preventivo Predictivo | I135: =VLOOKUP(Tbl_PctTrabajoPlanificado[[#This Row],[Orden mantenimiento]],Data!$E$2:$G$101,2,FALSE) -> C82 | J135: {=_xlfn.IFS(I135="C81","Pl.Termoelec.Chuq.",I135="C82","Pl.Dist.Energ.Elec",I135="C89","Pl.Mant.Ind.Electr",I135="CO0","Concentradora A0",I135="CO1","Concentradora A1",I135="CO2","Concentradora A2",I135="CB1","SAE Centralizado",I135="C71","Pl.Maestranza.Cent",I135="C72","Pl.Calderería.Cent",I135="C74","CONTRATOS METALMEC",I135="C40","Planif. Refinería",I135="SAPCI","SAPCI",TRUE,"Código no encontrado")} -> Pl.Dist.Energ.Elec | K135: 110473479 | L135: INSPECCION SAPCI S/E TCHITACK GIS 220KV | M135: NOTI CTEC JBFI NLIQ PWF RESA PLAN | N135: PL | O135: =Tbl_PctTrabajoPlanificado[[#This Row],[Fecha inicio real]]-Tbl_PctTrabajoPlanificado[[#This Row],[Fecha Libera Orden]] -> 16 | P135: 46140 | Q135: 46156 | R135: 98157 | S135: 100 | T135: 3 | U135: 3 | V135: Planificado
... A144: 20.2026 | B144: 08 INFR SERVIC Y SUMIN DCH | C144: 99 ESENCIALES INFRA. SERV. DCH | D144: 05 RESPAL. E.ELEC. INFRA DCH | E144: MANT & PLANIF SUMINISTRO ELECTRICO | F144: CGSSERME | G144: 010 | H144: Preventivo Sistemático | I144: =VLOOKUP(Tbl_PctTrabajoPlanificado[[#This Row],[Orden mantenimiento]],Data!$E$2:$G$101,2,FALSE) -> C82 | J144: {=_xlfn.IFS(I144="C81","Pl.Termoelec.Chuq.",I144="C82","Pl.Dist.Energ.Elec",I144="C89","Pl.Mant.Ind.Electr",I144="CO0","Concentradora A0",I144="CO1","Concentradora A1",I144="CO2","Concentradora A2",I144="CB1","SAE Centralizado",I144="C71","Pl.Maestranza.Cent",I144="C72","Pl.Calderería.Cent",I144="C74","CONTRATOS METALMEC",I144="C40","Planif. Refinería",I144="SAPCI","SAPCI",TRUE,"Código no encontrado")} -> Pl.Dist.Energ.Elec | K144: 110251292 | L144: CARGADOR BATERIAS N°2 SALA S/E K1 | M144: NOTI CTEC JBFI NLIQ PWF RESA PLAN | N144: PL | O144: =Tbl_PctTrabajoPlanificado[[#This Row],[Fecha inicio real]]-Tbl_PctTrabajoPlanificado[[#This Row],[Fecha Libera Orden]] -> 9 | P144: 46147 | Q144: 46156 | R144: 98949 | S144: 100 | T144: 6 | U144: 6 | V144: Planificado
A145: Resultado total | O145: =Tbl_PctTrabajoPlanificado[[#This Row],[Fecha inicio real]]-Tbl_PctTrabajoPlanificado[[#This Row],[Fecha Libera Orden]] -> 0 | S145: 90.215061 | T145: 1304.6 | U145: 1446.1

Sheet Programa Semanal
A1: Gr.planif.PM | B1: Gr.planif | C1: S Agr Fec Ini + Temp | D1: Fase | E1: Proceso | F1: SubProceso | G1: Puesto de trabajo | H1: Psto. Trabaj | I1: Clase actividad PM | J1: Actividad PM | K1: Orden mantenimiento | L1: Txt. Breve | M1: Clase de orden | N1: Status de Sistema | O1: Cumplimiento Prog. Semanal (Op) | P1: Indicador cumple sem | Q1: Total Op. Programadas | R1: Criterio
A2: Pl.Dist.Energ.Elec | B2: C82 | C2: 20.2026 | D2: 08 INFR SERVIC Y SUMIN DCH | E2: 02 SUMINISTRO ELECTRICO DCH | F2: CDEE | G2: MANT & PLANIF SUMINISTRO ELECTRICO | H2: CGSSERME | I2: Correctivo Planificado | J2: 025 | K2: 110377744 | L2: Revis. y repar. Comp aire 52HT18 S/E A | M2: PL | N2: NOTI CTEC JBFI NLIQ PWF RESA PLAN | O2: 100 | P2: 1 | Q2: 1 | R2: Cumple
A3: Pl.Dist.Energ.Elec | B3: C82 | C3: 20.2026 | D3: 08 INFR SERVIC Y SUMIN DCH | E3: 02 SUMINISTRO ELECTRICO DCH | F3: CDEE | G3: MANT & PLANIF SUMINISTRO ELECTRICO | H3: CGSSERME | I3: Correctivo Planificado | J3: 025 | K3: 110474160 | L3: EJE. CAMBIO RASA CELDA K13 S/E 10A | M3: PL | N3: NOTI CTEC JBFI NLIQ PWF RESA PLAN | O3: 100 | P3: 1 | Q3: 1 | R3: Cumple
A4: Pl.Dist.Energ.Elec | B4: C82 | C4: 20.2026 | D4: 08 INFR SERVIC Y SUMIN DCH | E4: 02 SUMINISTRO ELECTRICO DCH | F4: CDEE | G4: MANT & PLANIF SUMINISTRO ELECTRICO | H4: CGSSERME | I4: Correctivo Planificado | J4: 025 | K4: 110496644 | L4: STN MTTO SIST RESPALDO S/E PRINCIPAL CAL | M4: PL | N4: NOTI CTEC JBFI NLIQ PWF RESA PLAN | O4: 100 | P4: 1 | Q4: 1 | R4: Cumple
A5: Pl.Dist.Energ.Elec | B5: C82 | C5: 20.2026 | D5: 08 INFR SERVIC Y SUMIN DCH | E5: 02 SUMINISTRO ELECTRICO DCH | F5: CDEE | G5: MANT & PLANIF SUMINISTRO ELECTRICO | H5: CGSSERME | I5: Preventivo Predictivo | J5: 020 | K5: 110330383 | L5: Insp. 4M S/E Dist. 13.8 kV Refinería | M5: PL | N5: NOTI CTEC JBFI NLIQ PWF RESA PLAN | O5: 100 | P5: 1 | Q5: 1 | R5: Cumple
A6: Pl.Dist.Energ.Elec | B6: C82 | C6: 20.2026 | D6: 08 INFR SERVIC Y SUMIN DCH | E6: 02 SUMINISTRO ELECTRICO DCH | F6: CDEE | G6: MANT & PLANIF SUMINISTRO ELECTRICO | H6: CGSSERME | I6: Preventivo Predictivo | J6: 020 | K6: 110459257 | L6: Insp. 4M S/E Dist. 13.8 kV Fundición | M6: PL | N6: NOTI CTEC JBFI NLIQ PWF PLAN | O6: 100 | P6: 1 | Q6: 1 | R6: Cumple
A7: Pl.Dist.Energ.Elec | B7: C82 | C7: 20.2026 | D7: 08 INFR SERVIC Y SUMIN DCH | E7: 02 SUMINISTRO ELECTRICO DCH | F7: CDEE | G7: MANT & PLANIF SUMINISTRO ELECTRICO | H7: CGSSERME | I7: Preventivo Predictivo | J7: 020 | K7: 110462292 | L7: Insp. 4M S/E Dist. 13.8 kV Mina | M7: PL | N7: LIB. NLIQ PLAN | O7: 0 | P7: 0 | Q7: 1 | R7: No Cumple
A8: Pl.Dist.Energ.Elec | B8: C82 | C8: 20.2026 | D8: 08 INFR SERVIC Y SUMIN DCH | E8: 02 SUMINISTRO ELECTRICO DCH | F8: CDEE | G8: MANT & PLANIF SUMINISTRO ELECTRICO | H8: CGSSERME | I8: Preventivo Sistemático | J8: 010 | K8: 109124261 | L8: LAVADO DE AISLADORES LINEA 12 | M8: PL | N8: NOTI CTEC JBFI NLIQ PWF RESA PLAN | O8: 100 | P8: 17 | Q8: 17 | R8: Cumple
A9: Pl.Dist.Energ.Elec | B9: C82 | C9: 20.2026 | D9: 08 INFR SERVIC Y SUMIN DCH | E9: 02 SUMINISTRO ELECTRICO DCH | F9: CDEE | G9: MANT & PLANIF SUMINISTRO ELECTRICO | H9: CGSSERME | I9: Preventivo Sistemático | J9: 010 | K9: 110138614 | L9: Mantención Protecc. S/E Planta de CAL | M9: PL | N9: CTEC NLIQ PLAN | O9: 0 | P9: 0 | Q9: 2 | R9: No Cumple
A10: Pl.Dist.Energ.Elec | B10: C82 | C10: 20.2026 | D10: 08 INFR SERVIC Y SUMIN DCH | E10: 02 SUMINISTRO ELECTRICO DCH | F10: CDEE | G10: MANT & PLANIF SUMINISTRO ELECTRICO | H10: CGSSERME | I10: Preventivo Sistemático | J10: 010 | K10: 110443469 | L10: INSPECCION MT CHANCADO PRIMARIO PTMP | M10: PL | N10: NOTI CTEC JBFI NLIQ PWF RESA PLAN | O10: 100 | P10: 1 | Q10: 1 | R10: Cumple
A11: Pl.Dist.Energ.Elec | B11: C82 | C11: 20.2026 | D11: 08 INFR SERVIC Y SUMIN DCH | E11: 02 SUMINISTRO ELECTRICO DCH | F11: CHSS-SE | G11: MANT & PLANIF SUMINISTRO ELECTRICO | H11: CGSSERME | I11: Correctivo Planificado | J11: 025 | K11: 110287184 | L11: STN HAB. ALARMAS CARG. 125VDC S/E CHUQUI | M11: PL | N11: LIB. NLIQ PLAN | O11: 0 | P11: 0 | Q11: 1 | R11: No Cumple
A12: Pl.Dist.Energ.Elec | B12: C82 | C12: 20.2026 | D12: 08 INFR SERVIC Y SUMIN DCH | E12: 02 SUMINISTRO ELECTRICO DCH | F12: CHSS-SE | G12: MANT & PLANIF SUMINISTRO ELECTRICO | H12: CGSSERME | I12: Correctivo Planificado | J12: 025 | K12: 110304322 | L12: Toma Mstra Aceite Equ Crít.2° Sem. SAG16 | M12: PL | N12: LIB. NLIQ PLAN | O12: 0 | P12: 0 | Q12: 4 | R12: No Cumple
A13: Pl.Dist.Energ.Elec | B13: C82 | C13: 20.2026 | D13: 08 INFR SERVIC Y SUMIN DCH | E13: 02 SUMINISTRO ELECTRICO DCH | F13: CHSS-SE | G13: MANT & PLANIF SUMINISTRO ELECTRICO | H13: CGSSERME | I13: Correctivo Planificado | J13: 025 | K13: 110304324 | L13: Toma Mstra Aceite EquCrít 2°Sem T7A SE10 | M13: PL | N13: NOTI CTEC JBFI NLIQ PWF RESA PLAN | O13: 100 | P13: 1 | Q13: 1 | R13: Cumple
... A120: Pl.Termoelec.Chuq. | B120: C81 | C120: 20.2026 | D120: 08 INFR SERVIC Y SUMIN DCH | E120: 99 ESENCIALES INFRA. SERV. DCH | F120: 05 RESPAL. E.ELEC. INFRA DCH | G120: MANT & PLANIF CENTRAL TERMICA SULFUROS | H120: CGSTMRMM | I120: Preventivo Sistemático | J120: 010 | K120: 110427660 | L120: MRT 4S INST INSP CARGA BATERIAS G2 | M120: PL | N120: NOTI CTEC JBFI NLIQ PWF PLAN | O120: 100 | P120: 1 | Q120: 1 | R120: Cumple
A121: Resultado total | O121: 82.352941 | P121: 322 | Q121: 391

Sheet Plan Matriz
A1: Año natural/Semana | B1: Fase | C1: Proceso | D1: SubProceso | E1: Gr.planif.PM | F1: Gr.planif | G1: Clase actividad PM | H1: Actividad PM | I1: Orden mantenimiento | J1: Txt. Breve | K1: Status de Sistema | L1: Clase de orden | M1: Puesto de trabajo | N1: Psto. Trabajo | O1: % Cumpl. Plan Matriz | P1: Plan Matriz | Q1: Coeficiente PMA | R1: Cantidad de Operaciones Ejecutadas | S1: Cantidad de Operaciones totales | T1: Criterio
A2: 20.2026 | B2: 08 INFR SERVIC Y SUMIN DCH | C2: 99 ESENCIALES INFRA. SERV. DCH | D2: 05 RESPAL. E.ELEC. INFRA DCH | E2: Pl.Dist.Energ.Elec | F2: C82 | G2: 010 | H2: Preventivo Sistemático | I2: 110251289 | J2: BANCO BATERIAS N°1 SALA S/E K1 | K2: CTEC NOTI DOCU IMOP JBFI KKMP PREC PROG | L2: PL | M2: MANT & PLANIF SUMINISTRO ELECTRICO | N2: CGSSERME | O2: 100 | P2: 1 | Q2: 1 | R2: 1 | S2: 1 | T2: Cumple
A3: 20.2026 | B3: 08 INFR SERVIC Y SUMIN DCH | C3: 99 ESENCIALES INFRA. SERV. DCH | D3: 05 RESPAL. E.ELEC. INFRA DCH | E3: Pl.Dist.Energ.Elec | F3: C82 | G3: 010 | H3: Preventivo Sistemático | I3: 110251290 | J3: BANCO BATERIAS N°2 SALA S/E K1 | K3: CTEC NOTI DOCU IMOP JBFI KKMP PREC PROG | L3: PL | M3: MANT & PLANIF SUMINISTRO ELECTRICO | N3: CGSSERME | O3: 100 | P3: 1 | Q3: 1 | R3: 1 | S3: 1 | T3: Cumple
A4: 20.2026 | B4: 08 INFR SERVIC Y SUMIN DCH | C4: 99 ESENCIALES INFRA. SERV. DCH | D4: 05 RESPAL. E.ELEC. INFRA DCH | E4: Pl.Dist.Energ.Elec | F4: C82 | G4: 010 | H4: Preventivo Sistemático | I4: 110251291 | J4: CARGADOR BATERIAS N°1 SALA S/E K1 | K4: CTEC NOTI DOCU IMOP JBFI KKMP PREC PROG | L4: PL | M4: MANT & PLANIF SUMINISTRO ELECTRICO | N4: CGSSERME | O4: 100 | P4: 1 | Q4: 1 | R4: 1 | S4: 1 | T4: Cumple
A5: 20.2026 | B5: 08 INFR SERVIC Y SUMIN DCH | C5: 99 ESENCIALES INFRA. SERV. DCH | D5: 05 RESPAL. E.ELEC. INFRA DCH | E5: Pl.Dist.Energ.Elec | F5: C82 | G5: 010 | H5: Preventivo Sistemático | I5: 110251292 | J5: CARGADOR BATERIAS N°2 SALA S/E K1 | K5: CTEC NOTI DOCU IMOP JBFI KKMP PREC PROG | L5: PL | M5: MANT & PLANIF SUMINISTRO ELECTRICO | N5: CGSSERME | O5: 100 | P5: 1 | Q5: 1 | R5: 1 | S5: 1 | T5: Cumple
A6: 20.2026 | B6: 08 INFR SERVIC Y SUMIN DCH | C6: 03 PLANTAS DE SUMINISTROS DCH | D6: CHSS-SU | E6: Pl.Termoelec.Chuq. | F6: C81 | G6: 010 | H6: Preventivo Sistemático | I6: 110288268 | J6: MRT 12S MEC MTTO CALDERA N°2 | K6: CTEC NOTI DOCU IMOP JBFI KKMP PREC PROG | L6: PL | M6: MANT & PLANIF CENTRAL TERMICA SULFUROS | N6: CGSTMRMM | O6: 100 | P6: 1 | Q6: 1 | R6: 18 | S6: 18 | T6: Cumple
A7: 20.2026 | B7: 08 INFR SERVIC Y SUMIN DCH | C7: 02 SUMINISTRO ELECTRICO DCH | D7: CDEE | E7: Pl.Dist.Energ.Elec | F7: C82 | G7: 020 | H7: Preventivo Predictivo | I7: 110330383 | J7: Insp. 4M S/E Dist. 13.8 kV Refinería | K7: CTEC NOTI DOCU IMOP JBFI KKMP PREC PROG | L7: PL | M7: MANT & PLANIF SUMINISTRO ELECTRICO | N7: CGSSERME | O7: 100 | P7: 1 | Q7: 1 | R7: 1 | S7: 1 | T7: Cumple
A8: 20.2026 | B8: 08 INFR SERVIC Y SUMIN DCH | C8: 03 PLANTAS DE SUMINISTROS DCH | D8: CHSS-SU | E8: Pl.Termoelec.Chuq. | F8: C81 | G8: 010 | H8: Preventivo Sistemático | I8: 110406270 | J8: MRT 4S MEC TOMA MUESTRA ACEITE S20 | K8: CTEC NOTI DOCU IMOP JBFI KKMP PREC PROG | L8: PL | M8: MANT & PLANIF CENTRAL TERMICA SULFUROS | N8: CGSTMRMM | O8: 100 | P8: 1 | Q8: 1 | R8: 13 | S8: 13 | T8: Cumple
A9: 20.2026 | B9: 08 INFR SERVIC Y SUMIN DCH | C9: 03 PLANTAS DE SUMINISTROS DCH | D9: CHSS-SU | E9: Pl.Termoelec.Chuq. | F9: C81 | G9: 010 | H9: Preventivo Sistemático | I9: 110406276 | J9: MRT 4S LIMPIEZA CANALA EXTERIOR | K9: CTEC NOTI DOCU IMOP JBFI KKMP PREC PROG | L9: PL | M9: MANT & PLANIF CENTRAL TERMICA SULFUROS | N9: CGSTMRMM | O9: 100 | P9: 1 | Q9: 1 | R9: 3 | S9: 3 | T9: Cumple
A10: 20.2026 | B10: 08 INFR SERVIC Y SUMIN DCH | C10: 02 SUMINISTRO ELECTRICO DCH | D10: CDEE | E10: Pl.Dist.Energ.Elec | F10: C82 | G10: 010 | H10: Preventivo Sistemático | I10: 110415552 | J10: Mantención Paño Trafo Nº13 S/E A | K10: ABIE FENA IMOP KKMP PREC ENET | L10: PL | M10: MANT & PLANIF SUMINISTRO ELECTRICO | N10: CGSSERME | O10: 0 | P10: 0 | Q10: 1 | R10: 0 | S10: 20 | T10: No Cumple
A11: 20.2026 | B11: 08 INFR SERVIC Y SUMIN DCH | C11: 02 SUMINISTRO ELECTRICO DCH | D11: CHSS-SE | E11: Pl.Dist.Energ.Elec | F11: C82 | G11: 020 | H11: Preventivo Predictivo | I11: 110422716 | J11: MEDICIÓN DESCARGAS PARCIALES ATR1 | K11: CTEC NOTI DOCU IMOP JBFI KKMP PREC PROG | L11: PL | M11: MANT & PLANIF SUMINISTRO ELECTRICO | N11: CGSSERME | O11: 100 | P11: 1 | Q11: 1 | R11: 1 | S11: 1 | T11: Cumple
A12: 20.2026 | B12: 08 INFR SERVIC Y SUMIN DCH | C12: 99 ESENCIALES INFRA. SERV. DCH | D12: 05 RESPAL. E.ELEC. INFRA DCH | E12: Pl.Termoelec.Chuq. | F12: C81 | G12: 010 | H12: Preventivo Sistemático | I12: 110427659 | J12: MRT 4S INST INSP CARGA BATERIAS G1 | K12: CTEC NOTI DOCU IMOP JBFI KKMP PREC PROG | L12: PL | M12: MANT & PLANIF CENTRAL TERMICA SULFUROS | N12: CGSTMRMM | O12: 100 | P12: 1 | Q12: 1 | R12: 1 | S12: 1 | T12: Cumple
A13: 20.2026 | B13: 08 INFR SERVIC Y SUMIN DCH | C13: 99 ESENCIALES INFRA. SERV. DCH | D13: 05 RESPAL. E.ELEC. INFRA DCH | E13: Pl.Termoelec.Chuq. | F13: C81 | G13: 010 | H13: Preventivo Sistemático | I13: 110427660 | J13: MRT 4S INST INSP CARGA BATERIAS G2 | K13: CTEC NOTI DOCU IMOP JBFI KKMP PREC PROG | L13: PL | M13: MANT & PLANIF CENTRAL TERMICA SULFUROS | N13: CGSTMRMM | O13: 100 | P13: 1 | Q13: 1 | R13: 1 | S13: 1 | T13: Cumple
... A51: 20.2026 | B51: 08 INFR SERVIC Y SUMIN DCH | C51: 03 PLANTAS DE SUMINISTROS DCH | D51: CHSS-SU | E51: Pl.Termoelec.Chuq. | F51: C81 | G51: 010 | H51: Preventivo Sistemático | I51: 110478068 | J51: MRT 6M MTTO COMPRESOR N°20 | K51: LIB. NOTP DOCU IMOP KKMP PREC PROG TRAT | L51: PL | M51: MANT & PLANIF CENTRAL TERMICA SULFUROS | N51: CGSTMRMM | O51: 74.074074 | P51: 0.74074074 | Q51: 1 | R51: 20 | S51: 27 | T51: No Cumple
A52: Resultado total | O52: 78.33935 | P52: 0.7833935 | Q52: 1 | R52: 217 | S52: 277
